address,name,size_bytes
60040500,Reset_Handler,306
60040630,FUN_60040630,4
60040634,FUN_60040634,4
6004063c,thunk_FUN_6004cb40,4
60040644,thunk_EXT_FUN_00000e50,4
60040650,FUN_60040650,4
60040654,thunk_FUN_60052dd8,4
60040658,thunk_FUN_60052e10,4
6004065c,thunk_FUN_60052e48,4
60040660,thunk_FUN_60052e80,4
60040664,thunk_FUN_60052eb8,4
60040668,thunk_FUN_60052ef0,4
6004066c,thunk_FUN_60052f28,4
60040670,thunk_FUN_60052f60,4
60040674,thunk_FUN_60052f98,4
60040678,thunk_FUN_60052fd0,4
6004067c,thunk_FUN_60053008,4
60040680,thunk_FUN_60053040,4
60040684,thunk_FUN_60053078,4
60040688,thunk_FUN_600530b0,4
6004068c,thunk_FUN_600530e8,4
60040690,thunk_FUN_60053120,4
60040694,thunk_FUN_60040630,4
60040698,thunk_FUN_60053c24,4
6004069c,thunk_FUN_60053c3c,4
600406a0,thunk_FUN_60053c54,4
600406a4,thunk_FUN_60053c6c,4
600406a8,thunk_FUN_60053c84,4
600406ac,thunk_FUN_60053c9c,4
600406b0,thunk_FUN_60053cb4,4
600406b4,thunk_FUN_60053ccc,4
600406b8,thunk_FUN_60053628,4
600406bc,thunk_FUN_60053634,4
600406c0,thunk_FUN_60053640,4
600406c4,thunk_FUN_60040630,4
600406c8,thunk_FUN_60040630,4
600406cc,thunk_FUN_60040630,4
600406d0,thunk_FUN_60040630,4
600406d4,thunk_FUN_60040630,4
600406d8,thunk_FUN_60040630,4
600406dc,thunk_FUN_60040630,4
600406e0,thunk_FUN_6005419c,4
600406e4,thunk_FUN_6005420c,4
600406e8,thunk_FUN_60040630,4
600406ec,thunk_FUN_60040630,4
600406f0,thunk_FUN_60040630,4
600406f4,thunk_FUN_60040630,4
600406f8,thunk_FUN_60040630,4
600406fc,thunk_EXT_FUN_000007a6,4
60040700,thunk_FUN_600546e8,4
60040704,thunk_FUN_60054700,4
60040708,thunk_FUN_600531f0,4
6004072e,FUN_6004072e,4
6004083c,FUN_6004083c,24
60040854,FUN_60040854,10
60040864,FUN_60040864,78
600408b2,FUN_600408b2,272
60040a40,FUN_60040a40,280
60040b64,FUN_60040b64,66
60040bac,FUN_60040bac,118
60040c22,FUN_60040c22,154
60040cbc,FUN_60040cbc,188
60040d78,FUN_60040d78,44
60040dac,FUN_60040dac,174
60040e80,FUN_60040e80,322
60040fc2,FUN_60040fc2,10
60040fd4,FUN_60040fd4,74
60041028,FUN_60041028,100
60041090,FUN_60041090,24
600410b4,FUN_600410b4,92
6004111c,FUN_6004111c,44
6004114c,FUN_6004114c,20
60041164,FUN_60041164,18
6004117c,FUN_6004117c,22
60041192,FUN_60041192,62
600411dc,FUN_600411dc,330
60041338,FUN_60041338,176
600413f8,FUN_600413f8,48
60041430,FUN_60041430,92
60041498,FUN_60041498,256
600415a0,FUN_600415a0,60
600415e0,FUN_600415e0,60
60041620,FUN_60041620,60
6004166c,FUN_6004166c,94
600416d4,FUN_600416d4,172
6004179c,FUN_6004179c,40
600417c8,FUN_600417c8,40
600417f4,FUN_600417f4,208
60041854,FUN_60041854,240
600418a0,FUN_600418a0,130
6004192c,FUN_6004192c,796
60041c50,FUN_60041c50,58
60041ca0,FUN_60041ca0,464
60041e90,FUN_60041e90,10
60041e9c,FUN_60041e9c,116
60042050,FUN_60042050,254
60042170,FUN_60042170,350
60042300,FUN_60042300,268
60042434,FUN_60042434,16
6004244c,FUN_6004244c,242
60042560,FUN_60042560,30
60042588,FUN_60042588,150
6004262c,FUN_6004262c,130
600426c0,FUN_600426c0,306
600428b8,FUN_600428b8,178
60042978,FUN_60042978,62
60042a58,FUN_60042a58,234
60042b50,FUN_60042b50,322
60042c9c,FUN_60042c9c,134
60042cd8,FUN_60042cd8,86
60042d3c,FUN_60042d3c,6
60042d44,FUN_60042d44,270
60042e5c,FUN_60042e5c,70
60042ea8,FUN_60042ea8,50
60042ee0,FUN_60042ee0,322
60043028,FUN_60043028,516
6004323c,FUN_6004323c,152
600432e8,FUN_600432e8,750
60043608,FUN_60043608,144
600436a4,FUN_600436a4,268
600437c8,FUN_600437c8,98
60043834,FUN_60043834,332
60043988,FUN_60043988,60
600439cc,FUN_600439cc,128
60043a58,FUN_60043a58,140
60043af0,FUN_60043af0,462
60043cd4,FUN_60043cd4,98
60043d38,FUN_60043d38,224
60043e28,FUN_60043e28,146
60043ecc,FUN_60043ecc,1364
60044440,FUN_60044440,390
600445d4,FUN_600445d4,890
6004495c,FUN_6004495c,658
60044c00,FUN_60044c00,728
60044ee8,FUN_60044ee8,732
600451dc,FUN_600451dc,120
60045258,FUN_60045258,146
600452f0,FUN_600452f0,328
600454c4,FUN_600454c4,26
600454ec,FUN_600454ec,126
60045508,FUN_60045508,246
6004560c,FUN_6004560c,92
6004566c,FUN_6004566c,190
60045738,FUN_60045738,652
600459d0,FUN_600459d0,362
60045b40,FUN_60045b40,640
60045ddc,FUN_60045ddc,78
60045e30,FUN_60045e30,24
60045e4c,FUN_60045e4c,438
6004600c,FUN_6004600c,410
600461bc,FUN_600461bc,136
6004624c,FUN_6004624c,24
60046268,FUN_60046268,98
600462d0,FUN_600462d0,156
60046370,FUN_60046370,324
60046588,FUN_60046588,490
600466cc,FUN_600466cc,292
600467f8,FUN_600467f8,626
60046a74,FUN_60046a74,336
60046bc8,FUN_60046bc8,164
60046c78,FUN_60046c78,80
60046ccc,FUN_60046ccc,174
60046de0,FUN_60046de0,4
60046de8,FUN_60046de8,152
60046e84,FUN_60046e84,74
60046ed4,FUN_60046ed4,54
60046f10,FUN_60046f10,40
60046f48,FUN_60046f48,38
60046f74,FUN_60046f74,44
60046fa4,FUN_60046fa4,84
60046ffc,FUN_60046ffc,60
6004703c,FUN_6004703c,240
600471bc,queue__600471bc,114
6004723c,queue__6004723c,74
60047290,queue__60047290,326
600473e4,queue__600473e4,184
600474a4,FUN_600474a4,154
60047548,FUN_60047548,290
60047678,queue__60047678,350
600477e4,queue__600477e4,32
6004780c,FUN_6004780c,34
60047834,queue__60047834,42
600478cc,FUN_600478cc,110
60047958,FUN_60047958,10
60047968,FUN_60047968,6
60047974,tasks__60047974,256
60047aa8,tasks__60047aa8,194
60047b98,tasks__60047b98,64
60047be8,FUN_60047be8,160
60047cac,tasks__60047cac,44
60047ce4,tasks__60047ce4,72
60047d3c,tasks__60047d3c,54
60047d80,tasks__60047d80,102
60047e08,FUN_60047e08,108
60047e90,FUN_60047e90,14
60047ea8,tasks__60047ea8,98
60047f1c,FUN_60047f1c,18
60047f34,FUN_60047f34,22
60047f50,FUN_60047f50,24
60047f70,FUN_60047f70,152
60048014,tasks__60048014,138
600480b4,FUN_600480b4,18
600480cc,FUN_600480cc,98
6004820c,FUN_6004820c,50
60048248,FUN_60048248,82
600482a8,FUN_600482a8,432
60048474,FUN_60048474,32
6004852c,FUN_6004852c,74
60048580,FUN_60048580,56
600485c8,FUN_600485c8,34
600485f8,FUN_600485f8,44
60048628,FUN_60048628,68
60048684,FUN_60048684,224
60048774,heap_5_improved__60048774,210
600488d8,FUN_600488d8,22
600488f4,heap_5_improved__600488f4,136
6004898c,FUN_6004898c,170
60048a3c,FUN_60048a3c,6
60048a60,FUN_60048a60,20
60048a74,FUN_60048a74,36
60048b0c,FUN_60048b0c,84
60048c08,FUN_60048c08,302
60048d36,FUN_60048d36,34
60048d54,FUN_60048d54,214
60048e2a,FUN_60048e2a,488
6004901e,FUN_6004901e,38
60049044,FUN_60049044,46
6004904a,FUN_6004904a,2
6004904c,FUN_6004904c,2
6004904e,heap_5_improved__60048774,4
60049052,FUN_60049052,116
60049060,heap_5_improved__600488f4,4
60049096,FUN_60049096,14
600490a4,FUN_600490a4,322
600490b4,FUN_600490b4,74
600490fe,FUN_600490fe,180
600491b2,FUN_600491b2,222
60049290,FUN_60049290,42
600492c0,FUN_600492c0,46
600492ee,FUN_600492ee,410
60049488,FUN_60049488,18
6004949a,FUN_6004949a,36
600494be,FUN_600494be,40
600494e6,FUN_600494e6,60
60049522,FUN_60049522,492
6004970e,FUN_6004970e,164
600497b4,FUN_600497b4,76
60049800,FUN_60049800,20
60049814,FUN_60049814,158
600498b2,FUN_600498b2,154
60049948,FUN_60049948,38
6004996e,FUN_6004996e,42
60049994,FUN_60049994,182
60049a4a,FUN_60049a4a,214
60049b20,FUN_60049b20,28
60049b3c,FUN_60049b3c,178
60049bee,FUN_60049bee,68
60049c32,FUN_60049c32,20
60049c46,FUN_60049c46,82
60049c98,FUN_60049c98,178
60049d4a,FUN_60049d4a,28
60049d66,FUN_60049d66,742
6004a04c,FUN_6004a04c,154
6004a0e6,FUN_6004a0e6,248
6004a1da,FUN_6004a1da,162
6004a27c,FUN_6004a27c,158
6004a31a,FUN_6004a31a,50
6004a34c,FUN_6004a34c,16
6004a35c,FUN_6004a35c,50
6004a38e,FUN_6004a38e,54
6004a3c4,FUN_6004a3c4,94
6004a422,FUN_6004a422,18
6004a434,FUN_6004a434,120
6004a4ac,FUN_6004a4ac,58
6004a4e6,FUN_6004a4e6,840
6004a82e,FUN_6004a82e,52
6004a862,FUN_6004a862,120
6004a8da,FUN_6004a8da,36
6004a8fe,FUN_6004a8fe,174
6004a9ac,FUN_6004a9ac,46
6004a9da,FUN_6004a9da,176
6004aa8a,FUN_6004aa8a,250
6004ab84,FUN_6004ab84,122
6004abfe,FUN_6004abfe,196
6004acc2,FUN_6004acc2,118
6004ad38,FUN_6004ad38,196
6004adfc,FUN_6004adfc,54
6004ae32,FUN_6004ae32,174
6004aee0,FUN_6004aee0,58
6004af1a,FUN_6004af1a,52
6004b036,FUN_6004b036,292
6004b06e,FUN_6004b06e,168
6004b116,FUN_6004b116,84
6004b16a,FUN_6004b16a,118
6004b29e,FUN_6004b29e,84
6004b344,FUN_6004b344,14
6004b352,FUN_6004b352,12
6004b35e,FUN_6004b35e,30
6004b37c,FUN_6004b37c,24
6004b394,FUN_6004b394,142
6004b422,FUN_6004b422,24
6004b43a,FUN_6004b43a,52
6004b46e,FUN_6004b46e,12
6004b47a,FUN_6004b47a,34
6004b49c,FUN_6004b49c,14
6004b4aa,FUN_6004b4aa,278
6004b5c0,FUN_6004b5c0,110
6004b62e,FUN_6004b62e,374
6004b7a4,FUN_6004b7a4,8
6004b7ac,FUN_6004b7ac,8
6004b7b4,FUN_6004b7b4,62
6004b7f2,FUN_6004b7f2,146
6004b884,FUN_6004b884,8
6004b88c,FUN_6004b88c,30
6004b8aa,FUN_6004b8aa,12
6004b8b6,FUN_6004b8b6,24
6004b8ce,FUN_6004b8ce,112
6004b93e,FUN_6004b93e,62
6004b978,FUN_6004b978,48
6004b9a8,FUN_6004b9a8,56
6004b9e0,FUN_6004b9e0,54
6004ba16,FUN_6004ba16,88
6004baa8,FUN_6004baa8,66
6004bab0,FUN_6004bab0,84
6004bb04,FUN_6004bb04,22
6004bb1a,FUN_6004bb1a,24
6004bb32,FUN_6004bb32,46
6004bb60,FUN_6004bb60,34
6004bb82,FUN_6004bb82,22
6004bb98,FUN_6004bb98,102
6004bbfe,FUN_6004bbfe,42
6004bc28,FUN_6004bc28,112
6004bc98,FUN_6004bc98,70
6004bcde,FUN_6004bcde,10
6004bce8,FUN_6004bce8,16
6004bcf8,FUN_6004bcf8,46
6004bd26,FUN_6004bd26,32
6004bd46,heap_5_improved__600488f4,4
6004bd4a,heap_5_improved__600488f4,4
6004bd4e,FUN_6004bd4e,34
6004bd70,FUN_6004bd70,30
6004bd8e,FUN_6004bd8e,22
6004bda4,FUN_6004bda4,50
6004bdd6,FUN_6004bdd6,16
6004bde6,FUN_6004bde6,26
6004be04,thunk_FUN_6005f310,4
6004be0c,thunk_FUN_600dca98,4
6004be14,thunk_FUN_600dc042,4
6004be1c,thunk_FUN_600dc73c,4
6004be24,dcp_encryption_engine__6005f418,4
6004be34,thunk_FUN_600cf8de,4
6004be3c,thunk_FUN_600dcd46,4
6004be44,thunk_FUN_60101740,4
6004be4c,thunk_FUN_6007dd70,4
6004be54,thunk_FUN_600df2c6,4
6004be5c,thunk_FUN_6004cb68,4
6004be64,thunk_FUN_60060500,4
6004be6c,thunk_FUN_60058060,4
6004be7c,thunk_FUN_6007c140,4
6004be84,thunk_FUN_600d3b3a,4
6004be8c,thunk_FUN_600ddf0c,4
6004beac,thunk_FUN_600d7cdc,4
6004beb4,thunk_FUN_600d5528,4
6004bebc,pattern_player__6007f8e4,4
6004becc,timer__600511c8,4
6004bed4,thunk_FUN_6007e0f8,4
6004bedc,thunk_FUN_60101818,4
6004bee4,thunk_FUN_6004c774,4
6004bef4,thunk_FUN_600dac94,4
6004befc,thunk_FUN_600d4946,4
6004bf04,thunk_FUN_600d415c,4
6004bf0c,thunk_FUN_6007e160,4
6004bf14,thunk_FUN_600dc140,4
6004bf1c,thunk_FUN_6007c7f4,4
6004bf24,thunk_FUN_600de9d4,4
6004bf2c,thunk_FUN_600de8d8,4
6004bf34,thunk_FUN_600e0552,4
6004bf3c,thunk_FUN_6007d91c,4
6004bf44,thunk_FUN_600583c0,4
6004bf4c,thunk_FUN_6005c664,4
6004bf64,thunk_FUN_6007c4c8,4
6004bf6c,thunk_FUN_600d344a,4
6004bf74,thunk_FUN_6005c07c,4
6004bf7c,thunk_FUN_600cc8f8,4
6004bf84,thunk_FUN_6007beb8,4
6004bf94,thunk_FUN_600dd9ba,4
6004bf9c,thunk_FUN_60084b54,4
6004bfa4,thunk_FUN_60076408,4
6004bfac,thunk_FUN_600e092c,4
6004bfb4,thunk_FUN_600ca6a4,4
6004bfbc,thunk_FUN_600dd822,4
6004bfc4,heap_support__60052254,4
6004bfcc,thunk_FUN_6007dac0,4
6004bfd4,thunk_FUN_60084b64,4
6004bfdc,thunk_FUN_600dde0c,4
6004bfec,thunk_FUN_600ddcc4,4
6004bff4,thunk_FUN_6007d978,4
6004bffc,thunk_FUN_600ddef8,4
6004c004,thunk_FUN_60081188,4
6004c00c,thunk_FUN_60084b5c,4
6004c014,thunk_FUN_6007e38c,4
6004c01c,thunk_FUN_600d36d6,4
6004c024,thunk_FUN_600ca0d8,4
6004c02c,thunk_FUN_600ddafa,4
6004c034,thunk_FUN_600dd6f6,4
6004c03c,thunk_FUN_600cec26,4
6004c044,thunk_FUN_600cd9ac,4
6004c04c,thunk_FUN_600dc512,4
6004c054,thunk_FUN_60052c2c,4
6004c05c,thunk_FUN_600caa98,4
6004c064,thunk_FUN_60050fd8,4
6004c06c,thunk_FUN_60058c64,4
6004c074,thunk_FUN_6007ce98,4
6004c084,thunk_FUN_601016a2,4
6004c08c,thunk_FUN_600d6e14,4
6004c094,thunk_FUN_600d6c68,4
6004c0a4,thunk_FUN_600dd364,4
6004c0ac,thunk_FUN_6007f870,4
6004c0b4,thunk_FUN_6005acf4,4
6004c0bc,thunk_FUN_600d15e8,4
6004c0c4,thunk_FUN_600ceaf8,4
6004c0cc,thunk_FUN_600dad26,4
6004c0d4,gotham_patterns__600670f4,4
6004c0dc,thunk_FUN_600dacc4,4
6004c0e4,wakelock__60080180,4
6004c0ec,thunk_FUN_600dc76c,4
6004c0f4,keys__60066070,4
6004c0fc,thunk_FUN_600de77c,4
6004c104,thunk_FUN_60101b76,4
6004c10c,thunk_FUN_600ceb88,4
6004c114,thunk_FUN_6007e0a0,4
6004c11c,thunk_FUN_600de766,4
6004c124,queue__600c9eac,4
6004c12c,thunk_FUN_60052bb0,4
6004c134,thunk_FUN_600ce2c6,4
6004c13c,thunk_FUN_60070628,4
6004c144,thunk_FUN_600dde0a,4
6004c14c,thunk_FUN_600de6aa,4
6004c154,thunk_FUN_600de1be,4
6004c15c,thunk_FUN_600ceb0a,4
6004c164,thunk_FUN_600d3618,4
6004c16c,thunk_FUN_600dc124,4
6004c174,thunk_FUN_600cdbbc,4
6004c17c,thunk_FUN_600cbb14,4
6004c184,thunk_FUN_6007d5fc,4
6004c18c,thunk_FUN_600dcd1c,4
6004c194,thunk_FUN_60070408,4
6004c1a4,thunk_FUN_600d4084,4
6004c1ac,thunk_FUN_600dd938,4
6004c1b4,thunk_FUN_600cc984,4
6004c1bc,thunk_FUN_600dd6a0,4
6004c1c4,thunk_FUN_600de54a,4
6004c1cc,state_machine__6008099c,4
6004c1d4,thunk_FUN_60081550,4
6004c1dc,thunk_FUN_600dd78e,4
6004c1e4,thunk_FUN_6005c570,4
6004c1ec,thunk_FUN_600ddb44,4
6004c1f4,thunk_FUN_600ce2a0,4
6004c1fc,tasks__600ca9e8,4
6004c204,thunk_FUN_600ed2e6,4
6004c20c,thunk_FUN_600ceba4,4
6004c214,thunk_FUN_600dc56e,4
6004c21c,thunk_FUN_6006e6a8,4
6004c224,thunk_FUN_600596e0,4
6004c22c,thunk_FUN_600cecb6,4
6004c234,thunk_FUN_600d379e,4
6004c23c,thunk_FUN_60074ba8,4
6004c244,thunk_FUN_600cf0ca,4
6004c24c,thunk_FUN_6007db3c,4
6004c254,thunk_FUN_600d37b8,4
6004c25c,thunk_FUN_600d5252,4
6004c264,thunk_FUN_600dc9c0,4
6004c26c,thunk_FUN_6007b96c,4
6004c274,thunk_FUN_600d373a,4
6004c27c,tasks__600cab44,4
6004c284,thunk_FUN_600d0fb6,4
6004c294,queue__600c9f94,4
6004c2a4,thunk_FUN_6007cdcc,4
6004c2ac,thunk_FUN_60058c30,4
6004c2b4,thunk_FUN_6005b498,4
6004c2bc,thunk_EXT_FUN_00008844,4
6004c2c4,append_buffer__6007b59c,4
6004c2d4,thunk_FUN_600de766,4
6004c2dc,FUN_6004c2dc,4
6004c2e4,thunk_FUN_60086b08,4
6004c2ec,thunk_FUN_600de400,4
6004c2f4,thunk_FUN_600d34ba,4
6004c2fc,thunk_FUN_60051120,4
6004c304,thunk_FUN_6010165c,4
6004c30c,thunk_FUN_600ddd92,4
6004c314,thunk_FUN_6008059c,4
6004c31c,thunk_FUN_6005c15c,4
6004c32c,thunk_FUN_600cd73c,4
6004c334,thunk_FUN_600d411c,4
6004c33c,thunk_FUN_60080e58,4
6004c34c,queue__600c9e6c,4
6004c35c,thunk_FUN_600de4a4,4
6004c364,thunk_FUN_600d53ae,4
6004c36c,thunk_FUN_60052230,4
6004c37c,thunk_FUN_60084b6c,4
6004c384,state_machine__600849a4,4
6004c38c,thunk_FUN_600d5364,4
6004c394,thunk_FUN_6007ca68,4
6004c39c,thunk_FUN_6005c8a0,4
6004c3a4,thunk_FUN_600554a4,4
6004c3ac,thunk_FUN_6010209a,4
6004c3bc,thunk_FUN_600de582,4
6004c3c4,heap_5_improved__600cc6a0,4
6004c3cc,thunk_FUN_6007d144,4
6004c3d4,thunk_FUN_600cc9c4,4
6004c3dc,thunk_FUN_600dd5a0,4
6004c3e4,thunk_FUN_6009257c,4
6004c3ec,thunk_FUN_6007c3e0,4
6004c3f4,thunk_FUN_60052c04,4
6004c3fc,thunk_FUN_600dd82c,4
6004c404,thunk_FUN_600dcb54,4
6004c40c,thunk_FUN_600d72ec,4
6004c414,thunk_FUN_6004c814,4
6004c41c,thunk_FUN_601016f0,4
6004c424,thunk_FUN_60101fd8,4
6004c42c,timers__600cad94,4
6004c434,thunk_FUN_6007d578,4
6004c43c,thunk_FUN_60101c48,4
6004c444,thunk_FUN_600d37ac,4
6004c44c,thunk_FUN_6007e2e0,4
6004c454,thunk_FUN_6005c7cc,4
6004c45c,thunk_FUN_600d6d2a,4
6004c464,thunk_FUN_60092528,4
6004c46c,thunk_FUN_600800c0,4
6004c474,thunk_FUN_60076400,4
6004c47c,thunk_FUN_600d0e16,4
6004c620,FUN_6004c620,158
6004c700,FUN_6004c700,88
6004c774,FUN_6004c774,160
6004c814,FUN_6004c814,50
6004c844,FUN_6004c844,716
6004cb14,FUN_6004cb14,20
6004cb28,FUN_6004cb28,16
6004cb40,FUN_6004cb40,28
6004cb68,FUN_6004cb68,106
6004cbf0,device_info__6004cbf0,320
6004cd58,FUN_6004cd58,76
6004cdb8,FUN_6004cdb8,15662
60050b70,FUN_60050b70,104
60050c18,FUN_60050c18,196
60050cf0,FUN_60050cf0,832
60050fd8,FUN_60050fd8,158
60051088,FUN_60051088,34
600510b0,FUN_600510b0,10
600510c0,FUN_600510c0,34
60051120,FUN_60051120,68
60051168,main__60051168,96
600511c8,timer__600511c8,108
60051240,main__60051240,1032
60051774,FUN_60051774,102
600517e8,FUN_600517e8,12
60051824,exit__60051824,16
6005183c,FUN_6005183c,80
60051890,FUN_60051890,332
600519fc,FUN_600519fc,20
60051a14,FUN_60051a14,54
60051a50,FUN_60051a50,252
60051b50,stats__60051b50,816
60051f9c,FUN_60051f9c,26
6005209c,FUN_6005209c,26
600520bc,FUN_600520bc,228
600521b8,heap_5_improved__600521b8,254
60052200,FUN_60052200,34
60052230,FUN_60052230,24
60052254,heap_support__60052254,44
60052294,FUN_60052294,32
600522b8,FUN_600522b8,162
60052364,FUN_60052364,16
60052378,FUN_60052378,152
60052428,FUN_60052428,40
60052454,FUN_60052454,20
60052474,FUN_60052474,44
600524a4,FUN_600524a4,18
600524bc,FUN_600524bc,16
600524d0,FUN_600524d0,86
60052534,FUN_60052534,62
60052578,FUN_60052578,100
600525e0,FUN_600525e0,62
60052624,FUN_60052624,70
60052674,FUN_60052674,8
60052680,FUN_60052680,12
60052690,FUN_60052690,12
600526a0,FUN_600526a0,472
60052898,FUN_60052898,42
600528c8,FUN_600528c8,78
60052924,FUN_60052924,132
600529b4,FUN_600529b4,22
600529d0,FUN_600529d0,22
60052a14,FUN_60052a14,78
60052aa8,FUN_60052aa8,112
60052b50,FUN_60052b50,90
60052bb0,FUN_60052bb0,72
60052c04,FUN_60052c04,28
60052c2c,FUN_60052c2c,72
60052c78,FUN_60052c78,78
60052ccc,FUN_60052ccc,82
60052d20,FUN_60052d20,12
60052d30,FUN_60052d30,48
60052d64,FUN_60052d64,100
60052dd8,FUN_60052dd8,48
60052e10,FUN_60052e10,48
60052e48,FUN_60052e48,48
60052e80,FUN_60052e80,48
60052eb8,FUN_60052eb8,48
60052ef0,FUN_60052ef0,48
60052f28,FUN_60052f28,48
60052f60,FUN_60052f60,48
60052f98,FUN_60052f98,48
60052fd0,FUN_60052fd0,48
60053008,FUN_60053008,48
60053040,FUN_60053040,48
60053078,FUN_60053078,48
600530b0,FUN_600530b0,48
600530e8,FUN_600530e8,48
60053120,FUN_60053120,48
60053158,FUN_60053158,10
600531dc,FUN_600531dc,10
600531f0,FUN_600531f0,102
600531fc,FUN_600531fc,32
60053220,FUN_60053220,198
600532f0,FUN_600532f0,278
60053398,FUN_60053398,32
600533bc,FUN_600533bc,58
60053444,FUN_60053444,50
6005347c,FUN_6005347c,32
600534a0,FUN_600534a0,28
600534c0,FUN_600534c0,246
600535c0,FUN_600535c0,84
60053628,FUN_60053628,64
60053634,FUN_60053634,8
60053640,FUN_60053640,8
6005364c,FUN_6005364c,32
60053670,FUN_60053670,22
6005368c,FUN_6005368c,402
6005382c,FUN_6005382c,52
60053864,FUN_60053864,76
600538b4,FUN_600538b4,82
60053b50,FUN_60053b50,68
60053b98,FUN_60053b98,120
60053c24,FUN_60053c24,12
60053c3c,FUN_60053c3c,12
60053c54,FUN_60053c54,12
60053c6c,FUN_60053c6c,12
60053c84,FUN_60053c84,12
60053c9c,FUN_60053c9c,12
60053cb4,FUN_60053cb4,12
60053ccc,FUN_60053ccc,12
60053ce4,FUN_60053ce4,32
60053d08,FUN_60053d08,370
60053e88,FUN_60053e88,32
60053f1c,FUN_60053f1c,38
60053f48,FUN_60053f48,236
60054054,FUN_60054054,298
6005419c,FUN_6005419c,94
6005420c,FUN_6005420c,94
6005427c,FUN_6005427c,80
600542d4,FUN_600542d4,90
60054330,FUN_60054330,60
6005435c,FUN_6005435c,402
60054500,FUN_60054500,118
60054580,FUN_60054580,356
600546e8,FUN_600546e8,12
60054700,FUN_60054700,12
60054718,FUN_60054718,12
60054728,FUN_60054728,118
600547ac,FUN_600547ac,194
600548c4,FUN_600548c4,386
60054a54,usb_device_cdc_acm__60054a54,532
60054c7c,usb_device_cdc_acm__60054c7c,120
60054d08,usb_device_cdc_acm__60054d08,98
60054f30,FUN_60054f30,66
60054f7c,FUN_60054f7c,46
60054fb0,FUN_60054fb0,54
60054fec,FUN_60054fec,50
60055024,FUN_60055024,50
6005505c,FUN_6005505c,132
600550e4,FUN_600550e4,194
600551b8,FUN_600551b8,104
60055224,FUN_60055224,194
600552f0,FUN_600552f0,44
60055320,FUN_60055320,44
60055350,FUN_60055350,168
60055400,FUN_60055400,160
600554a4,FUN_600554a4,196
6005556c,FUN_6005556c,88
600555d4,FUN_600555d4,298
60055704,FUN_60055704,180
60055730,FUN_60055730,110
600557a4,FUN_600557a4,64
600557e8,FUN_600557e8,116
60055860,FUN_60055860,82
600558b8,FUN_600558b8,110
6005592c,FUN_6005592c,248
60055a28,FUN_60055a28,80
60055a7c,FUN_60055a7c,80
60055ad0,FUN_60055ad0,134
60055b5c,FUN_60055b5c,120
60055bd8,FUN_60055bd8,286
60055cfc,FUN_60055cfc,120
60055d78,FUN_60055d78,170
60055e28,FUN_60055e28,78
60055e7c,FUN_60055e7c,80
60055ed0,FUN_60055ed0,106
60055f40,FUN_60055f40,70
60055f8c,FUN_60055f8c,44
60055fbc,FUN_60055fbc,438
600563b8,FUN_600563b8,420
60056578,FUN_60056578,70
600565c4,FUN_600565c4,72
60056610,FUN_60056610,40
6005663c,FUN_6005663c,244
6005673c,FUN_6005673c,178
600567fc,FUN_600567fc,360
60056968,FUN_60056968,118
600569e4,FUN_600569e4,178
60056a9c,FUN_60056a9c,146
60056b48,FUN_60056b48,236
60056c38,FUN_60056c38,188
60056cf8,FUN_60056cf8,120
60056d74,FUN_60056d74,542
60056fa4,FUN_60056fa4,1694
60057c78,FUN_60057c78,506
60057e88,FUN_60057e88,86
60057ee4,FUN_60057ee4,232
60057fe4,FUN_60057fe4,6
60057ff0,FUN_60057ff0,102
60058060,FUN_60058060,54
6005809c,FUN_6005809c,594
600582f8,FUN_600582f8,20
60058318,FUN_60058318,94
600583a8,FUN_600583a8,14
600583c0,FUN_600583c0,16
600583d8,FUN_600583d8,16
600583f0,FUN_600583f0,16
60058404,FUN_60058404,16
60058418,FUN_60058418,16
6005842c,FUN_6005842c,126
60058510,FUN_60058510,58
60058558,FUN_60058558,16
6005856c,FUN_6005856c,4
60058574,system_tasks__60058574,100
600585f8,FUN_600585f8,4
60058600,FUN_60058600,296
6005872c,FUN_6005872c,30
60058754,buffer__60058754,128
600587e4,FUN_600587e4,16
600587fc,FUN_600587fc,260
60058aa8,hid_input_target__60058aa8,172
60058b68,FUN_60058b68,100
60058b7a,FUN_60058b7a,8
60058bdc,FUN_60058bdc,34
60058c30,FUN_60058c30,44
60058c64,FUN_60058c64,52
60058e0c,timer__60058e0c,108
60058edc,FUN_60058edc,112
60058f58,FUN_60058f58,304
600590a0,FUN_600590a0,82
60059100,FUN_60059100,162
600591b4,FUN_600591b4,198
60059280,FUN_60059280,188
60059360,FUN_60059360,130
600593f4,FUN_600593f4,334
60059560,FUN_60059560,274
6005969c,FUN_6005969c,64
600596e0,FUN_600596e0,510
6005990c,sleep_driver__6005990c,744
60059c1c,FUN_60059c1c,6
60059c28,FUN_60059c28,114
60059ca0,FUN_60059ca0,52
60059cd8,FUN_60059cd8,118
60059d54,sleep_lock__60059d54,238
60059e94,FUN_60059e94,30
60059eb8,FUN_60059eb8,62
60059f00,snvs__60059f00,138
60059f98,reboot_reason__60059f98,108
6005a010,FUN_6005a010,6
6005a01c,FUN_6005a01c,60
6005a05c,device_info__6005a05c,66
6005a0ac,device_info__6005a0ac,126
6005a13c,device_info__6005a13c,106
6005a1b0,device_info__6005a1b0,642
6005a464,dynamic_buffer__6005a464,90
6005a4cc,device_info__6005a4cc,444
6005a6b0,device_info__6005a6b0,596
6005a958,FUN_6005a958,108
6005a9c8,FUN_6005a9c8,48
6005a9fc,FUN_6005a9fc,348
6005ac18,FUN_6005ac18,40
6005ac84,FUN_6005ac84,54
6005acc0,FUN_6005acc0,6
6005accc,FUN_6005accc,6
6005acd8,FUN_6005acd8,20
6005acf4,FUN_6005acf4,56
6005ad30,FUN_6005ad30,26
6005ad50,FUN_6005ad50,30
6005ad74,application_state__6005ad74,250
6005ae68,FUN_6005ae68,146
6005af04,pattern_player__6005af04,190
6005afd8,timer__6005afd8,298
6005b150,application_state__6005b150,102
6005b1c0,application_state__6005b1c0,552
6005b428,FUN_6005b428,96
6005b498,FUN_6005b498,72
6005b4f4,FUN_6005b4f4,106
6005b740,FUN_6005b740,32
6005b764,FUN_6005b764,38
6005b794,application_state__6005b794,168
6005b850,application_state__6005b850,114
6005b8dc,application_state__6005b8dc,770
6005bc58,FUN_6005bc58,24
6005bc74,FUN_6005bc74,290
6005bdac,FUN_6005bdac,4
6005bdb4,gotham_task__6005bdb4,44
6005be94,FUN_6005be94,422
6005c07c,FUN_6005c07c,194
6005c15c,FUN_6005c15c,242
6005c270,FUN_6005c270,326
6005c44c,FUN_6005c44c,110
6005c4c0,FUN_6005c4c0,28
6005c570,FUN_6005c570,234
6005c664,FUN_6005c664,18
6005c7cc,FUN_6005c7cc,58
6005c8a0,FUN_6005c8a0,850
6005ccd8,FUN_6005ccd8,42
6005cd08,FUN_6005cd08,20
6005cd20,FUN_6005cd20,206
6005ce30,FUN_6005ce30,34
6005ce58,FUN_6005ce58,490
6005d12c,FUN_6005d12c,48
6005d160,thermal__6005d160,114
6005d1e4,thermal__6005d1e4,190
6005d3b4,thermal__6005d3b4,534
6005d634,thermal__6005d634,74
6005d694,FUN_6005d694,92
6005d714,trigger_bug_report__6005d714,152
6005d7c8,FUN_6005d7c8,120
6005d844,trigger_bug_report__6005d844,286
6005d9a8,gatt_service_handle__6005d9a8,28
6005d9d0,gatt_server__6005d9d0,104
6005da44,types__6005da44,108
6005dabc,FUN_6005dabc,44
6005dafc,FUN_6005dafc,30
6005db20,FUN_6005db20,150
6005dbbc,FUN_6005dbbc,42
6005dbec,FUN_6005dbec,184
6005dcc0,FUN_6005dcc0,488
6005ded8,FUN_6005ded8,114
6005e020,power_rpcs__6005e020,228
6005e12c,FUN_6005e12c,52
6005e164,FUN_6005e164,84
6005e1c0,FUN_6005e1c0,58
6005e200,bug_report__6005e200,82
6005e25c,FUN_6005e25c,62
6005e2a0,FUN_6005e2a0,102
6005e39c,FUN_6005e39c,48
6005e3d0,bug_report__6005e3d0,194
6005e58c,bug_report__6005e58c,214
6005e670,FUN_6005e670,114
6005e6e8,FUN_6005e6e8,66
6005e734,FUN_6005e734,104
6005e7a4,FUN_6005e7a4,12
6005e7b4,FUN_6005e7b4,30
6005e7e0,bug_report__6005e7e0,170
6005e810,FUN_6005e810,100
6005e884,FUN_6005e884,76
6005e8d8,FUN_6005e8d8,40
6005e904,FUN_6005e904,274
6005ea2c,FUN_6005ea2c,166
6005eaf8,FUN_6005eaf8,190
6005ebe0,FUN_6005ebe0,436
6005edb8,FUN_6005edb8,90
6005ee1c,FUN_6005ee1c,38
6005ee58,FUN_6005ee58,42
6005ee88,bee__6005ee88,92
6005ef04,bee__6005ef04,344
6005f07c,FUN_6005f07c,144
6005f110,FUN_6005f110,16
6005f120,FUN_6005f120,58
6005f164,FUN_6005f164,34
6005f18c,FUN_6005f18c,46
6005f1d4,FUN_6005f1d4,40
6005f22c,FUN_6005f22c,100
6005f294,FUN_6005f294,84
6005f310,FUN_6005f310,156
6005f3e0,FUN_6005f3e0,52
6005f418,dcp_encryption_engine__6005f418,48
6005f450,dcp_encryption_engine__6005f450,218
6005f534,FUN_6005f534,144
6005f5d4,FUN_6005f5d4,50
6005f610,FUN_6005f610,60
6005f664,FUN_6005f664,172
6005f728,FUN_6005f728,386
6005f8c0,FUN_6005f8c0,140
6005f9a8,FUN_6005f9a8,86
6005fa0c,flash_lut__6005fa0c,102
6005fa80,flash_lut__6005fa80,130
6005fcc0,FUN_6005fcc0,182
6005fd84,FUN_6005fd84,54
6005fde0,FUN_6005fde0,8
6005fdec,FUN_6005fdec,8
6005fdf8,FUN_6005fdf8,8
6005fe04,io_pin__6005fe04,318
6005ff5c,platform__6005ff5c,164
60060008,FUN_60060008,42
60060040,FUN_60060040,122
600600c4,pwm__600600c4,38
600600f8,pwm__600600f8,38
6006012c,pwm__6006012c,40
60060170,xbara__60060170,74
600601a4,FUN_600601a4,220
60060284,FUN_60060284,222
60060368,FUN_60060368,192
6006044c,reset__6006044c,126
600604dc,reset__600604dc,22
60060500,FUN_60060500,16
60060518,sai__60060518,94
60060594,FUN_60060594,66
600605dc,sai__600605dc,78
60060634,sai__60060634,100
60060668,FUN_60060668,66
600606b0,sai__600606b0,78
60060708,sai__60060708,100
6006073c,FUN_6006073c,78
60060794,FUN_60060794,16
600607a8,FUN_600607a8,12
600607b8,FUN_600607b8,92
60060804,srtc__60060804,80
60060860,FUN_60060860,54
6006089c,FUN_6006089c,110
60060910,FUN_60060910,44
60060940,FUN_60060940,114
60060a78,FUN_60060a78,12
60060a88,FUN_60060a88,72
60060ae4,FUN_60060ae4,28
60060b04,FUN_60060b04,16
60060b18,FUN_60060b18,44
60060b50,FUN_60060b50,16
60060b64,uart__60060b64,114
60060bf4,usb_device__60060bf4,114
60060c70,FUN_60060c70,84
60060ccc,usb_device__60060ccc,110
60060f28,usb_device__60060f28,82
60060f84,usb_device__60060f84,64
60060fd0,FUN_60060fd0,18
60060fe8,usb_device__60060fe8,208
600610d0,usb_host_worker__600610d0,168
600613f4,FUN_600613f4,4
600615bc,FUN_600615bc,14
600615d4,FUN_600615d4,38
6006160c,FUN_6006160c,60
60061684,partition_table__60061684,260
60061794,FUN_60061794,96
600617fc,FUN_600617fc,12
6006180c,info__6006180c,62
6006185c,FUN_6006185c,62
600618f8,FUN_600618f8,60
60061944,FUN_60061944,28
60061964,FUN_60061964,84
600619bc,usb_configuration_handler__600619bc,112
60061a50,FUN_60061a50,26
60061a74,FUN_60061a74,26
60061a98,hardware_timer__60061a98,188
60061b78,FUN_60061b78,52
60061bb0,FUN_60061bb0,100
60061c1c,FUN_60061c1c,38
60061c48,FUN_60061c48,116
60061cc8,persistent_crash_register__60061cc8,100
60061d38,FUN_60061d38,184
60061e98,FUN_60061e98,126
60061ed4,usb_device_audio__60061ed4,216
60061fc0,usb_device_audio__60061fc0,222
600620b4,usb_device_audio__600620b4,102
6006262c,FUN_6006262c,4
60062674,usb_host__60062674,100
600626e4,usb_host__600626e4,362
6006287c,usb_host__6006287c,64
600629cc,usb_host_audio__600629cc,60
60062a10,usb_host_audio__60062a10,78
60062a74,usb_host_audio__60062a74,36
60062aa8,usb_host_audio__60062aa8,98
60062b1c,usb_host_audio__60062b1c,110
60062ba4,usb_host_audio__60062ba4,178
60062c70,usb_host_audio__60062c70,160
60062e00,FUN_60062e00,34
60062e28,FUN_60062e28,282
60062f9c,usb_host_audio__60062f9c,450
6006318c,usb_host_audio__6006318c,1176
60063400,FUN_60063400,40
600637cc,FUN_600637cc,124
6006384c,FUN_6006384c,84
6006385c,FUN_6006385c,10
600638d4,FUN_600638d4,32
600638f8,FUN_600638f8,62
60063a24,FUN_60063a24,232
60063b48,FUN_60063b48,104
60063be8,FUN_60063be8,28
60063c08,usb_host_audio_topology__60063c08,72
60063c58,FUN_60063c58,152
60063cf4,usb_host_audio_topology__60063cf4,212
60063dec,FUN_60063dec,50
60063e24,usb_host_audio_topology__60063e24,596
6006408c,usb_host_audio_topology__6006408c,120
60064110,usb_host_audio_topology__60064110,142
600641a8,usb_host_audio_topology__600641a8,622
60064438,usb_host_audio_topology__60064438,156
600644dc,usb_host_audio_topology__600644dc,956
600648b0,usb_host_hid__600648b0,104
60064924,FUN_60064924,26
600649d4,usb_host_hid__600649d4,870
60064dac,usb_host_hid__60064dac,494
60065074,FUN_60065074,32
60065098,FUN_60065098,58
600650dc,FUN_600650dc,266
60065234,FUN_60065234,16
60065248,FUN_60065248,16
6006525c,usb_host_worker__6006525c,36
600653e0,FUN_600653e0,4
600653e8,FUN_600653e8,4
600653f0,FUN_600653f0,4
600653f8,FUN_600653f8,52
60065430,FUN_60065430,6
6006543c,FUN_6006543c,146
60065454,FUN_60065454,106
600654c4,FUN_600654c4,272
600655dc,haptics__600655dc,178
600656a0,haptics__600656a0,144
6006573c,haptics__6006573c,204
6006581c,haptics_cluster__6006581c,130
600658b4,haptics_cluster__600658b4,202
60065a48,FUN_60065a48,34
60065a74,ble_info__60065a74,260
60065b84,ble_info__60065b84,206
60065c68,FUN_60065c68,40
60065c98,FUN_60065c98,48
60065ccc,FUN_60065ccc,70
60065d1c,keys__60065d1c,80
60065d80,FUN_60065d80,38
60065db0,FUN_60065db0,34
60065dd8,FUN_60065dd8,18
60065df0,keys__60065df0,106
60065e68,keys__60065e68,66
60065eb8,keys__60065eb8,400
60066070,keys__60066070,200
6006615c,keys__6006615c,140
600661fc,keys__600661fc,116
60066284,keys__60066284,74
600662e0,dynamic_buffer__600662e0,136
60066370,keys__60066370,262
600666f0,keys__600666f0,604
600667fc,FUN_600667fc,206
600668dc,keys__600668dc,90
60066944,keys__60066944,88
600669a8,keys__600669a8,182
60066a74,keys__60066a74,186
60066b40,keys__60066b40,92
60066ba8,keys__60066ba8,114
60066c28,keys__60066c28,162
60066ce0,keys__60066ce0,162
60066d94,keys__60066d94,172
600670f4,gotham_patterns__600670f4,190
600674d0,FUN_600674d0,364
600678d4,FUN_600678d4,8
600678e0,FUN_600678e0,6
600678ec,binary_build_metadata__600678ec,194
600679d4,gotham__600679d4,104
60067a68,gotham__60067a68,216
60067b50,gotham__60067b50,210
60067c3c,gotham__60067c3c,196
60067d14,gotham__60067d14,156
60067dc4,FUN_60067dc4,20
60067ddc,logging__60067ddc,98
60067e44,FUN_60067e44,66
60067e8c,flash_memory__60067e8c,130
60067f20,FUN_60067f20,52
60067f5c,mimxrt10xx_flash_memory__60067f5c,192
60068024,mimxrt10xx_flash_memory__60068024,320
6006816c,accessory_detect_ts3a227e__6006816c,140
6006820c,i2c_device__6006820c,100
60068278,battery_charger_bq25601__60068278,106
600682f4,battery_charger_bq25601__600682f4,110
60068374,battery_charger_bq25601__60068374,110
600683f4,battery_charger_bq25601__600683f4,106
60068470,FUN_60068470,38
6006849c,FUN_6006849c,28
600684bc,FUN_600684bc,30
600684e0,battery_charger_bq25601__600684e0,58
60068528,FUN_60068528,46
6006855c,battery_charger_bq25601__6006855c,56
6006859c,FUN_6006859c,46
600685d0,FUN_600685d0,46
60068604,FUN_60068604,86
60068674,FUN_60068674,30
60068698,FUN_60068698,52
600686d4,FUN_600686d4,12
600686e4,FUN_600686e4,302
60068970,FUN_60068970,138
60068a00,battery_gauge_bq2742X__60068a00,212
60068ae0,battery_gauge_bq2742X__60068ae0,152
60068b80,battery_gauge_bq2742X__60068b80,290
60068cb4,battery_gauge_bq2742X__60068cb4,444
60068e98,FUN_60068e98,100
60068f04,activation_sequence__60068f04,124
60068f88,activation_sequence__60068f88,344
60069104,FUN_60069104,38
60069130,FUN_60069130,44
60069160,adapter__60069160,96
600691cc,adapter__600691cc,32
600691f4,adapter__600691f4,126
60069570,adapter__60069570,98
600695dc,adapter__600695dc,96
60069648,adapter__60069648,122
600696d0,adapter__600696d0,160
60069780,adapter__60069780,256
6006988c,adapter__6006988c,194
60069964,adapter__60069964,196
60069a38,adapter__60069a38,204
60069b20,adapter__60069b20,210
60069c10,adapter__60069c10,60
60069c58,adapter__60069c58,232
60069d50,adapter__60069d50,104
60069dd4,FUN_60069dd4,960
60069ed4,FUN_60069ed4,6
6006a21c,adapter__6006a21c,344
6006a390,FUN_6006a390,180
6006a448,FUN_6006a448,136
6006a4d4,FUN_6006a4d4,238
6006a5c8,gatt_server__6006a5c8,98
6006a634,gatt_server__6006a634,244
6006a734,gatt_server__6006a734,70
6006a860,FUN_6006a860,16
6006a880,gatt_server__6006a880,182
6006a944,gatt_server__6006a944,124
6006a9c8,gatt_server__6006a9c8,300
6006ab14,gatt_server__6006ab14,206
6006ac00,FUN_6006ac00,60
6006ac40,FUN_6006ac40,106
6006acb8,FUN_6006acb8,62
6006ad00,gatt_server__6006ad00,256
6006ae20,gatt_server__6006ae20,492
6006b02c,led_driver_lp5562__6006b02c,202
6006b10c,led_driver_lp5562__6006b10c,176
6006b1d0,led_driver_lp5562__6006b1d0,170
6006b290,usb_port_controller_tusb320__6006b290,78
6006b2e8,usb_port_controller_tusb320__6006b2e8,96
6006b350,usb_port_controller_tusb320__6006b350,132
6006b3e8,usb_port_controller_tusb320__6006b3e8,202
6006b4c4,FUN_6006b4c4,14
6006b4dc,sound_codec_wm8904__6006b4dc,68
6006b528,FUN_6006b528,168
6006b5dc,FUN_6006b5dc,78
6006b630,sound_codec_wm8904__6006b630,116
6006b708,FUN_6006b708,124
6006b78c,FUN_6006b78c,110
6006b804,FUN_6006b804,78
6006b85c,FUN_6006b85c,226
6006b94c,FUN_6006b94c,50
6006b98c,FUN_6006b98c,66
6006b9dc,FUN_6006b9dc,42
6006ba0c,FUN_6006ba0c,308
6006bb68,FUN_6006bb68,104
6006bbe0,FUN_6006bbe0,28
6006bc00,FUN_6006bc00,26
6006bc20,FUN_6006bc20,68
6006bc3c,FUN_6006bc3c,50
6006bc7c,FUN_6006bc7c,22
6006bc9c,FUN_6006bc9c,250
6006bdf8,FUN_6006bdf8,16
6006be10,FUN_6006be10,126
6006be9c,FUN_6006be9c,112
6006bf20,FUN_6006bf20,94
6006bf74,FUN_6006bf74,114
6006c088,FUN_6006c088,360
6006c1f4,FUN_6006c1f4,34
6006c2f4,FUN_6006c2f4,68
6006c340,remote_device_db__6006c340,1162
6006c35c,FUN_6006c35c,16
6006c370,FUN_6006c370,8
6006c4bc,FUN_6006c4bc,12
6006c4cc,FUN_6006c4cc,164
6006c57c,FUN_6006c57c,18
6006c594,FUN_6006c594,82
6006c618,FUN_6006c618,280
6006ce40,FUN_6006ce40,72
6006ce90,FUN_6006ce90,138
6006cf20,FUN_6006cf20,140
6006cfb8,FUN_6006cfb8,110
6006d02c,FUN_6006d02c,228
6006d076,FUN_6006d076,112
6006d1ac,FUN_6006d1ac,116
6006d534,FUN_6006d534,28
6006d55c,FUN_6006d55c,34
6006d588,FUN_6006d588,222
6006d5a8,FUN_6006d5a8,176
6006d6b0,FUN_6006d6b0,116
6006d734,FUN_6006d734,54
6006d770,FUN_6006d770,44
6006d7a0,FUN_6006d7a0,168
6006d864,FUN_6006d864,92
6006d8f0,FUN_6006d8f0,96
6006d97c,FUN_6006d97c,24
6006d998,FUN_6006d998,712
6006d9cc,FUN_6006d9cc,32
6006d9f0,FUN_6006d9f0,32
6006da14,FUN_6006da14,148
6006dab0,FUN_6006dab0,244
6006dbac,FUN_6006dbac,284
6006dcdc,FUN_6006dcdc,168
6006dd90,FUN_6006dd90,30
6006ddb4,FUN_6006ddb4,30
6006ddd8,FUN_6006ddd8,138
6006de78,FUN_6006de78,204
6006df58,FUN_6006df58,70
6006dfa4,FUN_6006dfa4,92
6006e008,FUN_6006e008,90
6006e06c,FUN_6006e06c,18
6006e084,FUN_6006e084,26
6006e0a4,FUN_6006e0a4,18
6006e0bc,FUN_6006e0bc,34
6006e0e4,FUN_6006e0e4,72
6006e130,FUN_6006e130,32
6006e154,FUN_6006e154,8
6006e160,FUN_6006e160,122
6006e1e0,FUN_6006e1e0,44
6006e214,FUN_6006e214,172
6006e2d0,FUN_6006e2d0,178
6006e388,FUN_6006e388,34
6006e3b0,FUN_6006e3b0,158
6006e454,FUN_6006e454,44
6006e484,gki_ft__6006e484,200
6006e56c,FUN_6006e56c,26
6006e594,FUN_6006e594,34
6006e5bc,FUN_6006e5bc,224
6006e6a8,FUN_6006e6a8,164
6006e790,gki_ft__6006e790,68
6006e854,FUN_6006e854,308
6006e9b0,FUN_6006e9b0,128
6006ea38,FUN_6006ea38,6
6006ea44,FUN_6006ea44,182
6006eb00,FUN_6006eb00,230
6006ebec,FUN_6006ebec,14
6006ec00,FUN_6006ec00,166
6006ec50,FUN_6006ec50,52
6006eca4,FUN_6006eca4,14
6006ecb8,FUN_6006ecb8,12
6006ecfc,FUN_6006ecfc,72
6006ed2c,FUN_6006ed2c,124
6006edb4,FUN_6006edb4,42
6006edd0,FUN_6006edd0,314
6006ef20,FUN_6006ef20,152
6006efd4,FUN_6006efd4,64
6006f018,FUN_6006f018,72
6006f064,FUN_6006f064,30
6006f088,FUN_6006f088,1168
6006f634,FUN_6006f634,36
6006f660,gotham_16mb_mimxrt10xx_mpu__6006f660,132
6006f6f0,FUN_6006f6f0,48
6006f72c,FUN_6006f72c,18
6006f744,FUN_6006f744,16
6006f758,FUN_6006f758,62
6006f79c,FUN_6006f79c,40
6006f7c8,FUN_6006f7c8,82
6006f820,FUN_6006f820,940
6006fcf0,FUN_6006fcf0,16
6006fd08,FUN_6006fd08,6
6006fd14,FUN_6006fd14,406
6006ff00,FUN_6006ff00,300
60070060,FUN_60070060,28
60070080,FUN_60070080,186
6007014c,FUN_6007014c,434
60070408,FUN_60070408,22
60070424,FUN_60070424,270
6007053c,external_controller__6007053c,180
6007060c,FUN_6007060c,22
60070628,FUN_60070628,22
60070730,FUN_60070730,14
60070920,FUN_60070920,14
60070934,FUN_60070934,14
60070a6c,FUN_60070a6c,94
60070ad0,switch_pro_controller__60070ad0,236
60070bf4,FUN_60070bf4,76
60070dcc,FUN_60070dcc,120
60071040,FUN_60071040,14
600712c8,FUN_600712c8,120
60071348,FUN_60071348,22
60071364,FUN_60071364,56
600713c0,FUN_600713c0,30
60071478,FUN_60071478,110
600714ec,FUN_600714ec,70
60071538,FUN_60071538,68
60071580,board__60071580,112
600715fc,FUN_600715fc,36
60071624,FUN_60071624,56
60071660,FUN_60071660,180
60071718,FUN_60071718,122
600717a0,FUN_600717a0,46
600717d4,FUN_600717d4,56
60071814,FUN_60071814,86
60071870,FUN_60071870,16
60071884,FUN_60071884,44
600718b8,FUN_600718b8,44
600718e8,FUN_600718e8,504
60071a30,board__60071a30,118
60071f74,adc__60071f74,248
60072090,FUN_60072090,332
600721e8,timer__600721e8,108
60072260,FUN_60072260,66
600722b0,FUN_600722b0,246
600723b4,FUN_600723b4,6088
60073bf0,timer__60073bf0,2492
60074658,timer__60074658,538
600748ec,FUN_600748ec,24
60074910,FUN_60074910,458
60074b38,FUN_60074b38,48
60074b6c,FUN_60074b6c,60
60074ba8,FUN_60074ba8,190
60074c08,FUN_60074c08,30
60074c2c,audio_states__60074c2c,124
60074cc8,FUN_60074cc8,24
60074ce4,FUN_60074ce4,16
60074cf8,FUN_60074cf8,18
60074d10,FUN_60074d10,16
60074d24,FUN_60074d24,18
60074d3c,FUN_60074d3c,20
60074d54,audio_states__60074d54,44
60074dfc,audio_states__60074dfc,56
60074e6c,audio_states__60074e6c,80
60074ec8,FUN_60074ec8,38
60074ef4,FUN_60074ef4,114
60074f70,audio_states__60074f70,196
60075044,FUN_60075044,62
60075088,audio_states__60075088,1892
6007598c,FUN_6007598c,234
60075ae0,FUN_60075ae0,28
60075b00,FUN_60075b00,18
60075b18,headphone_state_machine__60075b18,194
60075c08,headphone_state_machine__60075c08,28
60075c2c,headphone_state_machine__60075c2c,28
60075c50,headphone_state_machine__60075c50,270
60075d78,headphone_state_machine__60075d78,152
60075ee0,FUN_60075ee0,32
60075f04,FUN_60075f04,18
60075f1c,FUN_60075f1c,132
60075fac,FUN_60075fac,32
60075fd0,FUN_60075fd0,48
60076008,FUN_60076008,52
60076040,FUN_60076040,118
600761d4,FUN_600761d4,272
600763b0,FUN_600763b0,52
600763e8,FUN_600763e8,20
60076400,FUN_60076400,4
60076408,FUN_60076408,44
60076438,input_task__60076438,170
600764fc,input_task__600764fc,160
600765a4,FUN_600765a4,908
6007694c,FUN_6007694c,134
600769ec,FUN_600769ec,350
60076b78,FUN_60076b78,34
60076ba0,FUN_60076ba0,614
60076e1c,FUN_60076e1c,674
60077138,FUN_60077138,4
60077140,FUN_60077140,386
6007752c,FUN_6007752c,84
6007758c,FUN_6007758c,16
6007762c,FUN_6007762c,50
60077668,FUN_60077668,136
600776f8,FUN_600776f8,28
60077720,FUN_60077720,12
60077730,FUN_60077730,14
60077744,FUN_60077744,6
60077750,FUN_60077750,144
60077948,FUN_60077948,230
60077a48,FUN_60077a48,252
60078170,FUN_60078170,24
6007818c,partition_table__6007818c,64
600781d4,FUN_600781d4,64
60078218,FUN_60078218,58
60078340,firmware_image_upload__60078340,1714
60078b4c,get_device_data__60078b4c,134
60078be0,FUN_60078be0,158
60078da8,FUN_60078da8,78
60078e00,FUN_60078e00,232
60078efc,FUN_60078efc,226
60078fec,FUN_60078fec,188
600790b4,FUN_600790b4,422
60079270,FUN_60079270,210
60079374,FUN_60079374,30
6007946c,transfer_bug_report__6007946c,48
600794f8,FUN_600794f8,48
6007952c,http_flash_writer__6007952c,218
60079618,FUN_60079618,74
60079668,http_flash_writer__60079668,242
60079778,http_flash_writer__60079778,394
6007991c,http_flash_writer__6007991c,262
60079a3c,FUN_60079a3c,72
60079a8c,FUN_60079a8c,72
60079adc,FUN_60079adc,26
60079afc,FUN_60079afc,78
60079b58,FUN_60079b58,78
60079bb4,FUN_60079bb4,26
60079bd4,FUN_60079bd4,26
60079bf4,FUN_60079bf4,60
60079c34,FUN_60079c34,24
60079c50,FUN_60079c50,22
60079c6c,FUN_60079c6c,178
60079d28,audio_tasks__60079d28,158
60079e28,FUN_60079e28,228
60079f1c,usb_audio_receive__60079f1c,122
6007a040,usb_audio_receive__6007a040,166
6007a0b0,usb_audio_receive__6007a0b0,86
6007a118,usb_audio_receive__6007a118,284
6007a254,usb_audio_receive__6007a254,92
6007a2c0,frames__6007a2c0,366
6007a450,linear_interpolation_source__6007a450,170
6007a504,usb_audio_receive__6007a504,270
6007a62c,usb_audio_receive__6007a62c,772
6007a958,FUN_6007a958,60
6007a998,usb_audio_receive__6007a998,202
6007ac28,FUN_6007ac28,22
6007ac50,FUN_6007ac50,20
6007ac70,FUN_6007ac70,24
6007ad34,usb_audio_send__6007ad34,230
6007ae44,FUN_6007ae44,98
6007aeb0,FUN_6007aeb0,494
6007b164,FUN_6007b164,70
6007b1b8,synapse_audio_processor__6007b1b8,928
6007b59c,append_buffer__6007b59c,90
6007b600,synapse_audio_processor__6007b600,132
6007b694,frames__6007b694,36
6007b6c0,append_buffer__6007b6c0,96
6007b96c,FUN_6007b96c,100
6007b9d4,FUN_6007b9d4,124
6007ba54,FUN_6007ba54,244
6007bb4c,FUN_6007bb4c,860
6007beb8,FUN_6007beb8,122
6007bf38,FUN_6007bf38,44
6007bf68,FUN_6007bf68,296
6007c140,FUN_6007c140,100
6007c1a8,FUN_6007c1a8,40
6007c1d4,FUN_6007c1d4,342
6007c330,FUN_6007c330,170
6007c3e0,FUN_6007c3e0,226
6007c4c8,FUN_6007c4c8,226
6007c698,FUN_6007c698,262
6007c7ac,FUN_6007c7ac,66
6007c7f4,FUN_6007c7f4,348
6007c958,FUN_6007c958,66
6007ca68,FUN_6007ca68,824
6007cdcc,FUN_6007cdcc,186
6007ce98,FUN_6007ce98,118
6007cf14,FUN_6007cf14,556
6007d144,FUN_6007d144,980
6007d528,FUN_6007d528,76
6007d578,FUN_6007d578,128
6007d5fc,FUN_6007d5fc,178
6007d6b4,FUN_6007d6b4,28
6007d6d4,FUN_6007d6d4,178
6007d78c,FUN_6007d78c,256
6007d890,FUN_6007d890,136
6007d91c,FUN_6007d91c,88
6007d978,FUN_6007d978,106
6007d9e8,FUN_6007d9e8,132
6007da70,FUN_6007da70,70
6007dac0,FUN_6007dac0,120
6007db3c,FUN_6007db3c,110
6007dbbc,FUN_6007dbbc,142
6007dc50,FUN_6007dc50,212
6007dd28,FUN_6007dd28,60
6007dd70,FUN_6007dd70,104
6007dddc,FUN_6007dddc,182
6007dea4,FUN_6007dea4,40
6007ded0,FUN_6007ded0,120
6007df4c,FUN_6007df4c,124
6007dfcc,FUN_6007dfcc,206
6007e0a0,FUN_6007e0a0,82
6007e0f8,FUN_6007e0f8,96
6007e160,FUN_6007e160,154
6007e204,FUN_6007e204,84
6007e25c,FUN_6007e25c,126
6007e2e0,FUN_6007e2e0,130
6007e368,FUN_6007e368,32
6007e38c,FUN_6007e38c,382
6007e514,FUN_6007e514,126
6007e598,FUN_6007e598,42
6007e5c8,FUN_6007e5c8,212
6007e728,audio_player__6007e728,84
6007e784,FUN_6007e784,10
6007e794,FUN_6007e794,144
6007e82c,FUN_6007e82c,120
6007ea1c,FUN_6007ea1c,98
6007ea94,audio_player__6007ea94,238
6007eb8c,FUN_6007eb8c,132
6007ec20,FUN_6007ec20,4
6007ec28,FUN_6007ec28,108
6007ec48,receiver__6007ec48,134
6007ec60,FUN_6007ec60,20
6007ec78,FUN_6007ec78,246
6007ed74,recording_pipeline__6007ed74,50
6007edb0,recording_pipeline__6007edb0,58
6007edf4,recording_pipeline__6007edf4,392
6007efc0,FUN_6007efc0,46
6007f048,FUN_6007f048,154
6007f1a4,receiver__6007f1a4,78
6007f41c,FUN_6007f41c,46
6007f454,receiver__6007f454,162
6007f510,FUN_6007f510,38
6007f540,receiver__6007f540,438
6007f7a0,FUN_6007f7a0,184
6007f870,FUN_6007f870,4
6007f878,FUN_6007f878,102
6007f8e4,pattern_player__6007f8e4,308
6007fb34,timer__6007fb34,164
6007fbe4,FUN_6007fbe4,160
6007fc98,FUN_6007fc98,24
6007fcbc,FUN_6007fcbc,40
6007fcec,battery_service__6007fcec,180
6007fdb0,battery_service__6007fdb0,100
6007fe24,FUN_6007fe24,72
6007fe74,FUN_6007fe74,172
6007ff34,FUN_6007ff34,146
6007ffd0,battery_service__6007ffd0,226
600800c0,FUN_600800c0,174
60080180,wakelock__60080180,132
600801dc,FUN_600801dc,146
60080278,FUN_60080278,188
60080390,state_machine__60080390,138
60080424,adapter__60080424,72
600804c0,FUN_600804c0,98
60080534,FUN_60080534,82
6008059c,FUN_6008059c,64
600805e4,state_machine__600805e4,110
60080664,FUN_60080664,16
6008067c,FUN_6008067c,24
60080698,FUN_60080698,146
6008099c,state_machine__6008099c,200
60080a78,FUN_60080a78,90
60080af8,gatt_manager_task__60080af8,30
60080b24,gatt_manager_task__60080b24,108
60080ba4,FUN_60080ba4,36
60080bcc,gatt_manager_task__60080bcc,122
60080c54,FUN_60080c54,50
60080c90,FUN_60080c90,66
60080cdc,gatt_manager_task__60080cdc,258
60080e24,FUN_60080e24,48
60080e58,FUN_60080e58,4
60080e60,types__60080e60,126
60080ee8,FUN_60080ee8,62
60080f2c,FUN_60080f2c,62
60080f70,FUN_60080f70,60
60080fb8,FUN_60080fb8,236
600810bc,types__600810bc,190
60081188,FUN_60081188,168
60081234,advertiser__60081234,316
600813cc,FUN_600813cc,92
60081450,timer__60081450,84
600814b8,FUN_600814b8,46
60081500,FUN_60081500,68
60081550,FUN_60081550,258
60081668,FUN_60081668,54
60081808,FUN_60081808,82
60081868,FUN_60081868,76
600819cc,FUN_600819cc,40
60081a00,FUN_60081a00,48
60081a34,FUN_60081a34,32
60081ab4,gatt_server__60081ab4,370
60081c6c,FUN_60081c6c,74
60081d38,FUN_60081d38,18
60081d50,FUN_60081d50,64
60081e60,FUN_60081e60,52
60081ea4,FUN_60081ea4,478
600820d8,FUN_600820d8,144
60082198,FUN_60082198,54
600821d8,FUN_600821d8,146
60082270,FUN_60082270,108
600822e8,FUN_600822e8,16
60082410,FUN_60082410,120
6008248c,FUN_6008248c,122
60082580,FUN_60082580,82
600825dc,FUN_600825dc,60
6008261c,FUN_6008261c,474
60082814,FUN_60082814,442
600829d4,FUN_600829d4,94
60082aac,FUN_60082aac,86
60082b08,FUN_60082b08,46
60082b3c,FUN_60082b3c,6
60082ff4,timer__60082ff4,116
60083080,remote_device_db__60083080,246
6008318c,remote_device_db__6008318c,638
6008343c,remote_device_db__6008343c,24
600834a4,parser__600834a4,136
60083534,private_heap__60083534,42
60083568,private_heap__60083568,56
600835ac,private_heap__600835ac,194
60083678,FUN_60083678,34
600836a0,FUN_600836a0,124
60083730,FUN_60083730,440
60083900,FUN_60083900,746
60083c78,FUN_60083c78,410
60083e30,FUN_60083e30,230
60083f28,FUN_60083f28,74
60083f98,FUN_60083f98,46
60083fd0,FUN_60083fd0,198
600840a4,FUN_600840a4,38
600840d4,FUN_600840d4,38
60084104,state_machine__60084104,176
600841d0,state_machine__600841d0,190
600842ac,state_machine__600842ac,256
600843c8,state_machine__600843c8,594
60084644,state_machine__60084644,594
600848bc,state_machine__600848bc,204
600849a4,state_machine__600849a4,266
60084acc,FUN_60084acc,4
60084ad4,FUN_60084ad4,4
60084adc,FUN_60084adc,4
60084ae4,FUN_60084ae4,4
60084aec,FUN_60084aec,4
60084af4,FUN_60084af4,4
60084afc,FUN_60084afc,4
60084b04,FUN_60084b04,4
60084b0c,FUN_60084b0c,4
60084b14,FUN_60084b14,4
60084b1c,FUN_60084b1c,4
60084b24,FUN_60084b24,4
60084b2c,FUN_60084b2c,4
60084b34,FUN_60084b34,4
60084b3c,FUN_60084b3c,4
60084b44,FUN_60084b44,4
60084b4c,FUN_60084b4c,4
60084b54,FUN_60084b54,4
60084b5c,FUN_60084b5c,4
60084b64,FUN_60084b64,4
60084b6c,FUN_60084b6c,30
60084b90,FUN_60084b90,86
60084bec,bio__60084bec,80
60084c40,bio__60084c40,74
60084c90,bio__60084c90,46
60084cc4,FUN_60084cc4,40
60084cf0,FUN_60084cf0,34
60084d1c,FUN_60084d1c,18
60084d34,ecdsa_asn1__60084d34,92
60084f04,FUN_60084f04,180
60084fc0,FUN_60084fc0,54
60085040,FUN_60085040,40
6008506c,evp__6008506c,70
600850bc,p_dsa_asn1__600850bc,164
60085210,p_dsa_asn1__60085210,168
60085340,FUN_60085340,168
60085470,FUN_60085470,172
60085528,FUN_60085528,180
600855e0,p_ed25519_asn1__600855e0,168
60085694,p_ed25519_asn1__60085694,136
60085728,p_ed25519_asn1__60085728,82
60085780,p_ed25519_asn1__60085780,88
60085918,p_rsa_asn1__60085918,150
600859bc,p_rsa_asn1__600859bc,148
60085b50,p_x25519_asn1__60085b50,168
60085c04,p_x25519_asn1__60085c04,136
60085c98,p_x25519_asn1__60085c98,100
60085d00,p_x25519_asn1__60085d00,88
60085eb8,FUN_60085eb8,166
60085f2c,pem_lib__60085f2c,258
60086038,pem_lib__60086038,376
600861c0,pem_lib__600861c0,824
60086508,FUN_60086508,386
600866c4,pem_oth__600866c4,88
60086720,FUN_60086720,24
60086740,FUN_60086740,90
600867a4,FUN_600867a4,30
600867c8,FUN_600867c8,46
600867fc,FUN_600867fc,36
60086824,FUN_60086824,120
600868a4,FUN_600868a4,78
600868fc,FUN_600868fc,230
600869ec,FUN_600869ec,164
60086b08,FUN_60086b08,120
60086b98,FUN_60086b98,562
600874dc,FUN_600874dc,6
600875a0,FUN_600875a0,558
600877e8,FUN_600877e8,60
60087964,FUN_60087964,318
60087970,FUN_60087970,4036
6008893c,FUN_6008893c,4010
600898ec,FUN_600898ec,1534
60089fc8,FUN_60089fc8,2798
6008aad8,FUN_6008aad8,350
6008ac40,bcm__6008ac40,62
6008ac84,FUN_6008ac84,20
6008ade0,FUN_6008ade0,50
6008ae20,FUN_6008ae20,46
6008ae5c,FUN_6008ae5c,52
6008ae9c,FUN_6008ae9c,52
6008aedc,FUN_6008aedc,50
6008af3c,FUN_6008af3c,870
6008b384,bcm__6008b384,48
6008b3b8,FUN_6008b3b8,14
6008b3d4,bcm__6008b3d4,100
6008b43c,bcm__6008b43c,118
6008b4b8,bcm__6008b4b8,78
6008b50c,bcm__6008b50c,50
6008b544,FUN_6008b544,34
6008b570,bcm__6008b570,150
6008b60c,bcm__6008b60c,152
6008b6a8,bcm__6008b6a8,138
6008b738,bcm__6008b738,94
6008b79c,bcm__6008b79c,398
6008b970,bcm__6008b970,124
6008b9f0,bcm__6008b9f0,44
6008ba20,bcm__6008ba20,120
6008bae0,bcm__6008bae0,172
6008bb90,bcm__6008bb90,72
6008bbdc,bcm__6008bbdc,800
6008bf00,FUN_6008bf00,58
6008bf44,bcm__6008bf44,398
6008c0d8,bcm__6008c0d8,600
6008c334,bcm__6008c334,706
6008c5fc,bcm__6008c5fc,290
6008c728,bcm__6008c728,194
6008c7f0,bcm__6008c7f0,64
6008c834,bcm__6008c834,276
6008c9e0,FUN_6008c9e0,396
6008cb7c,bcm__6008cb7c,66
6008cbc4,FUN_6008cbc4,14
6008cbe0,FUN_6008cbe0,14
6008cbfc,bcm__6008cbfc,126
6008cc80,FUN_6008cc80,46
6008ccb4,bcm__6008ccb4,40
6008cce0,bcm__6008cce0,146
6008ce00,FUN_6008ce00,80
6008ce54,FUN_6008ce54,14
6008ce70,bcm__6008ce70,66
6008ceb8,FUN_6008ceb8,14
6008cf98,bcm__6008cf98,54
6008cfd4,bcm__6008cfd4,100
6008d03c,FUN_6008d03c,224
6008d120,bcm__6008d120,258
6008d228,bcm__6008d228,122
6008d2a8,bcm__6008d2a8,82
6008d300,bcm__6008d300,76
6008d350,FUN_6008d350,126
6008d3d4,FUN_6008d3d4,518
6008d5e0,bcm__6008d5e0,212
6008d6b8,bcm__6008d6b8,58
6008d6f8,bcm__6008d6f8,292
6008d730,bcm__6008d730,118
6008d7ac,bcm__6008d7ac,642
6008da3c,bcm__6008da3c,52
6008da74,bcm__6008da74,56
6008dab0,bcm__6008dab0,82
6008db08,bcm__6008db08,68
6008db50,bcm__6008db50,216
6008dc2c,FUN_6008dc2c,584
6008deac,FUN_6008deac,94
6008df14,FUN_6008df14,82
6008df70,FUN_6008df70,88
6008dfd8,FUN_6008dfd8,108
6008e154,FUN_6008e154,12
6008e164,bcm__6008e164,248
6008e264,bcm__6008e264,1160
6008e700,bcm__6008e700,524
6008e910,bcm__6008e910,326
6008ea5c,FUN_6008ea5c,194
6008eb24,bcm__6008eb24,560
6008ed58,FUN_6008ed58,14
6008ee14,FUN_6008ee14,62
6008ee9c,a_bitstr__6008ee9c,218
6008ef7c,a_int__6008ef7c,286
6008f0a0,a_object__6008f0a0,52
6008f0d8,a_object__6008f0d8,222
6008f1bc,asn1_lib__6008f1bc,256
6008f2c0,asn1_lib__6008f2c0,116
6008f338,asn1_lib__6008f338,50
6008f370,tasn_dec__6008f370,310
6008f4ac,tasn_dec__6008f4ac,292
6008f5e8,tasn_dec__6008f5e8,412
6008f794,tasn_dec__6008f794,640
6008fa18,tasn_dec__6008fa18,1410
6008ffc0,tasn_dec__6008ffc0,514
600901c8,tasn_dec__600901c8,278
600902e4,FUN_600902e4,600
60090568,FUN_60090568,814
6009089c,FUN_6009089c,118
60090940,FUN_60090940,326
60090c3c,tasn_new__60090c3c,98
60090ca4,FUN_60090ca4,36
60090cb0,FUN_60090cb0,28
60090cbc,tasn_utl__60090cbc,100
60090d24,FUN_60090d24,174
60090dd8,bn_asn1__60090dd8,142
60090e6c,bn_asn1__60090e6c,130
60090ef4,buf__60090ef4,44
60090f24,buf__60090f24,78
60090f78,FUN_60090f78,84
60090fd0,FUN_60090fd0,196
60091098,dsa__60091098,64
600910dc,FUN_600910dc,88
60091138,FUN_60091138,36
60091160,FUN_60091160,108
600911d4,FUN_600911d4,90
60091238,ec_asn1__60091238,108
600912a8,ec_asn1__600912a8,132
60091330,ec_asn1__60091330,580
60091580,ec_asn1__60091580,530
600917a0,ec_asn1__600917a0,280
600919d4,ex_data__600919d4,160
60091ab4,FUN_60091ab4,42
60091b94,FUN_60091b94,96
60091c10,obj__60091c10,102
60091d30,FUN_60091d30,24
60091d50,FUN_60091d50,44
60091d8c,FUN_60091d8c,74
60091ddc,FUN_60091ddc,778
60092128,util__60092128,132
600921b8,FUN_600921b8,650
60092448,FUN_60092448,72
60092498,FUN_60092498,118
60092514,FUN_60092514,14
60092528,FUN_60092528,78
6009257c,FUN_6009257c,20
60092594,FUN_60092594,16
600925a8,FUN_600925a8,16
600925bc,FUN_600925bc,176
6009267c,FUN_6009267c,28
600926a0,FUN_600926a0,20
600926b8,FUN_600926b8,20
60092744,FUN_60092744,54
60092798,FUN_60092798,60
600927d8,FUN_600927d8,92
60092838,FUN_60092838,106
600928ac,FUN_600928ac,94
60092920,FUN_60092920,74
60092970,FUN_60092970,22
60092990,FUN_60092990,96
600929f4,FUN_600929f4,754
60092de8,FUN_60092de8,98
60092e5c,FUN_60092e5c,46
60092e90,FUN_60092e90,72
60092edc,FUN_60092edc,120
60092f68,FUN_60092f68,72
60092fb4,FUN_60092fb4,204
60093084,FUN_60093084,82
600930dc,FUN_600930dc,88
60093138,FUN_60093138,100
600931a0,FUN_600931a0,92
60093200,FUN_60093200,82
60093258,FUN_60093258,96
600932bc,FUN_600932bc,78
60093310,FUN_60093310,68
60093358,FUN_60093358,104
600933c4,FUN_600933c4,44
600933f4,FUN_600933f4,120
60093478,FUN_60093478,110
60093500,FUN_60093500,210
600935dc,FUN_600935dc,74
6009362c,FUN_6009362c,162
600936d4,FUN_600936d4,312
60093810,FUN_60093810,372
60093988,FUN_60093988,162
60093a30,FUN_60093a30,734
60093d20,FUN_60093d20,1164
600941c4,FUN_600941c4,60
60094208,FUN_60094208,196
600942d4,FUN_600942d4,52
6009430c,FUN_6009430c,98
6009436e,FUN_6009436e,2
60094374,FUN_60094374,324
600944c0,FUN_600944c0,86
6009451c,FUN_6009451c,106
60094590,FUN_60094590,98
600945f8,FUN_600945f8,84
60094650,FUN_60094650,58
60094690,FUN_60094690,118
6009470c,FUN_6009470c,66
60094754,FUN_60094754,104
600947c0,FUN_600947c0,168
6009486c,FUN_6009486c,214
60094942,FUN_60094942,32
6009496c,FUN_6009496c,194
60094a3c,FUN_60094a3c,338
60094ba4,FUN_60094ba4,160
60094c5c,FUN_60094c5c,196
60094d24,FUN_60094d24,152
60094dc4,FUN_60094dc4,220
60094f14,FUN_60094f14,64
60094f58,FUN_60094f58,80
60094fac,FUN_60094fac,74
60094ffc,FUN_60094ffc,106
6009506c,FUN_6009506c,74
600950bc,FUN_600950bc,218
6009519c,FUN_6009519c,76
600951ec,FUN_600951ec,68
60095234,FUN_60095234,192
600952fc,FUN_600952fc,374
6009547c,FUN_6009547c,176
60095534,FUN_60095534,80
60095588,FUN_60095588,80
600955dc,FUN_600955dc,106
60095650,FUN_60095650,58
60095690,FUN_60095690,108
60095700,FUN_60095700,114
60095778,FUN_60095778,110
600957ec,FUN_600957ec,60
6009582c,FUN_6009582c,72
60095878,FUN_60095878,136
60095904,FUN_60095904,132
6009598c,FUN_6009598c,60
600959cc,FUN_600959cc,202
60095ae8,FUN_60095ae8,64
60095b2c,FUN_60095b2c,74
60095b7c,FUN_60095b7c,28
60095b9c,FUN_60095b9c,28
60095bbc,FUN_60095bbc,82
60095c14,FUN_60095c14,28
60095c34,FUN_60095c34,76
60095c84,FUN_60095c84,76
60095cd4,FUN_60095cd4,116
60095d4c,FUN_60095d4c,76
60095d9c,FUN_60095d9c,50
60095dd4,FUN_60095dd4,28
60095df4,FUN_60095df4,74
60095e5c,FUN_60095e5c,126
60095ee8,FUN_60095ee8,36
60095f10,FUN_60095f10,34
60095f38,FUN_60095f38,94
60095f9c,FUN_60095f9c,130
6009605c,FUN_6009605c,128
600960e0,FUN_600960e0,114
60096158,FUN_60096158,62
6009619c,FUN_6009619c,62
600961e0,FUN_600961e0,84
6009623c,FUN_6009623c,24
6009625c,FUN_6009625c,46
60096290,FUN_60096290,34
600962b8,FUN_600962b8,32
600962dc,FUN_600962dc,42
60096314,FUN_60096314,34
6009633c,FUN_6009633c,24
60096358,FUN_60096358,26
60096378,FUN_60096378,148
60096424,FUN_60096424,34
60096450,FUN_60096450,208
60096528,FUN_60096528,46
6009655c,FUN_6009655c,44
60096594,FUN_60096594,24
600965b4,FUN_600965b4,108
60096624,FUN_60096624,226
60096858,FUN_60096858,84
600968b0,FUN_600968b0,122
60096930,FUN_60096930,72
6009697c,FUN_6009697c,96
600969e0,FUN_600969e0,54
60096a1c,FUN_60096a1c,46
60096a50,FUN_60096a50,944
60096e38,FUN_60096e38,606
600970e4,FUN_600970e4,104
60097154,FUN_60097154,26
60097174,FUN_60097174,38
600971a0,FUN_600971a0,92
60097200,FUN_60097200,142
60097298,FUN_60097298,340
600973f8,FUN_600973f8,112
6009746c,FUN_6009746c,22
60097488,FUN_60097488,256
6009759c,FUN_6009759c,90
60097600,FUN_60097600,90
60097664,FUN_60097664,142
600976f8,FUN_600976f8,256
600977fc,FUN_600977fc,256
60097904,FUN_60097904,216
600979e4,FUN_600979e4,306
60097b20,FUN_60097b20,668
60097dc8,FUN_60097dc8,390
60097f5c,FUN_60097f5c,564
6009819c,FUN_6009819c,198
60098284,FUN_60098284,240
6009837c,FUN_6009837c,110
600983f4,FUN_600983f4,308
60098530,FUN_60098530,190
600985f8,FUN_600985f8,106
60098668,FUN_60098668,50
600986a0,FUN_600986a0,58
600986e0,FUN_600986e0,48
60098718,FUN_60098718,132
600987a0,FUN_600987a0,54
600987dc,FUN_600987dc,62
60098820,FUN_60098820,150
600988d0,FUN_600988d0,336
60098a24,FUN_60098a24,324
60098b70,FUN_60098b70,80
60098bc4,FUN_60098bc4,32
60098be8,FUN_60098be8,34
60098c14,FUN_60098c14,32
60098c3c,FUN_60098c3c,26
60098c5c,FUN_60098c5c,98
60098cc4,FUN_60098cc4,98
60098d2c,FUN_60098d2c,90
60098d8c,FUN_60098d8c,166
60098e78,FUN_60098e78,26
60098ea0,FUN_60098ea0,36
60098ec8,FUN_60098ec8,104
60098f34,FUN_60098f34,78
60098f88,FUN_60098f88,508
60099190,FUN_60099190,102
60099204,FUN_60099204,202
600992d4,FUN_600992d4,66
6009931c,FUN_6009931c,402
600994b8,FUN_600994b8,194
60099584,FUN_60099584,474
60099768,FUN_60099768,160
6009980c,FUN_6009980c,210
600998ec,FUN_600998ec,204
600999bc,FUN_600999bc,90
60099a1c,FUN_60099a1c,188
60099adc,FUN_60099adc,214
60099bb8,FUN_60099bb8,78
60099c0c,FUN_60099c0c,134
60099c9c,FUN_60099c9c,30
60099cc0,FUN_60099cc0,84
60099d18,FUN_60099d18,70
60099d64,FUN_60099d64,34
60099d8c,FUN_60099d8c,64
60099dd0,FUN_60099dd0,298
60099f04,FUN_60099f04,68
60099f4c,FUN_60099f4c,136
60099fdc,FUN_60099fdc,298
6009a114,FUN_6009a114,60
6009a154,FUN_6009a154,128
6009a1dc,FUN_6009a1dc,112
6009a254,FUN_6009a254,106
6009a2c8,FUN_6009a2c8,250
6009a3d4,FUN_6009a3d4,194
6009a4a4,FUN_6009a4a4,192
6009a570,FUN_6009a570,56
6009a5b0,FUN_6009a5b0,370
6009a72c,FUN_6009a72c,132
6009a7c0,FUN_6009a7c0,54
6009a804,FUN_6009a804,34
6009a82c,FUN_6009a82c,174
6009a8ec,FUN_6009a8ec,210
6009a9c4,FUN_6009a9c4,376
6009ab40,FUN_6009ab40,80
6009ab94,FUN_6009ab94,26
6009abb4,FUN_6009abb4,26
6009abd4,FUN_6009abd4,26
6009abf4,FUN_6009abf4,148
6009ac8c,FUN_6009ac8c,112
6009ad00,FUN_6009ad00,604
6009af60,FUN_6009af60,110
6009afd4,FUN_6009afd4,206
6009b0a8,FUN_6009b0a8,134
6009b134,FUN_6009b134,248
6009b230,FUN_6009b230,92
6009b290,FUN_6009b290,206
6009b368,FUN_6009b368,582
6009b5b4,FUN_6009b5b4,396
6009b77c,FUN_6009b77c,306
6009b8b4,FUN_6009b8b4,84
6009b914,FUN_6009b914,66
6009b960,FUN_6009b960,70
6009b9b0,FUN_6009b9b0,76
6009ba0c,FUN_6009ba0c,112
6009ba84,FUN_6009ba84,94
6009baec,FUN_6009baec,70
6009bb3c,FUN_6009bb3c,14
6009bb50,FUN_6009bb50,92
6009bbb0,FUN_6009bbb0,122
6009bc34,FUN_6009bc34,76
6009bc88,FUN_6009bc88,76
6009bcd8,FUN_6009bcd8,144
6009bd70,FUN_6009bd70,112
6009bde4,FUN_6009bde4,86
6009be40,FUN_6009be40,108
6009beb0,FUN_6009beb0,104
6009bf1c,FUN_6009bf1c,138
6009bfb0,FUN_6009bfb0,100
6009c01c,FUN_6009c01c,102
6009c088,FUN_6009c088,150
6009c124,FUN_6009c124,108
6009c194,FUN_6009c194,58
6009c1d4,FUN_6009c1d4,48
6009c208,FUN_6009c208,52
6009c240,FUN_6009c240,122
6009c2c0,FUN_6009c2c0,384
6009c444,FUN_6009c444,334
6009c59c,FUN_6009c59c,308
6009c6d8,FUN_6009c6d8,62
6009c71c,FUN_6009c71c,82
6009c778,FUN_6009c778,20
6009c790,FUN_6009c790,52
6009c7c8,FUN_6009c7c8,44
6009c7fc,FUN_6009c7fc,64
6009c848,FUN_6009c848,196
6009c914,FUN_6009c914,176
6009c9d4,FUN_6009c9d4,168
6009ca80,FUN_6009ca80,84
6009cad8,FUN_6009cad8,416
6009cc7c,FUN_6009cc7c,268
6009cd94,FUN_6009cd94,148
6009ce30,FUN_6009ce30,148
6009cec8,FUN_6009cec8,182
6009cf8c,FUN_6009cf8c,2464
6009d930,FUN_6009d930,142
6009d9d4,FUN_6009d9d4,206
6009daac,FUN_6009daac,352
6009dc14,FUN_6009dc14,342
6009dd74,FUN_6009dd74,180
6009de30,FUN_6009de30,144
6009decc,FUN_6009decc,64
6009df10,FUN_6009df10,194
6009dfd8,FUN_6009dfd8,188
6009e098,FUN_6009e098,270
6009e1b4,FUN_6009e1b4,288
6009e2e0,FUN_6009e2e0,82
6009e338,FUN_6009e338,178
6009e3f0,FUN_6009e3f0,214
6009e4d0,FUN_6009e4d0,482
6009e6c0,FUN_6009e6c0,72
6009e70c,FUN_6009e70c,82
6009e768,FUN_6009e768,94
6009e7d0,FUN_6009e7d0,102
6009e84c,FUN_6009e84c,158
6009e8fc,FUN_6009e8fc,88
6009e95c,FUN_6009e95c,128
6009e9e4,FUN_6009e9e4,154
6009eab4,FUN_6009eab4,170
6009eb64,FUN_6009eb64,52
6009eb9c,FUN_6009eb9c,54
6009ebd8,FUN_6009ebd8,54
6009ec14,FUN_6009ec14,60
6009ec54,FUN_6009ec54,168
6009ed00,FUN_6009ed00,154
6009eda4,FUN_6009eda4,110
6009ee18,FUN_6009ee18,106
6009ee8c,FUN_6009ee8c,122
6009ef10,FUN_6009ef10,136
6009efa0,FUN_6009efa0,94
6009f004,FUN_6009f004,132
6009f08c,FUN_6009f08c,148
6009f124,FUN_6009f124,210
6009f1fc,FUN_6009f1fc,122
6009f27c,FUN_6009f27c,106
6009f2ec,FUN_6009f2ec,204
6009f3c0,FUN_6009f3c0,96
6009f428,FUN_6009f428,178
6009f4e4,FUN_6009f4e4,148
6009f57c,FUN_6009f57c,80
6009f5d0,FUN_6009f5d0,54
6009f60c,FUN_6009f60c,50
6009f644,FUN_6009f644,120
6009f6c0,FUN_6009f6c0,502
6009f8c8,FUN_6009f8c8,112
6009f93c,FUN_6009f93c,78
6009f990,FUN_6009f990,154
6009fa34,FUN_6009fa34,160
6009fae0,FUN_6009fae0,526
6009fcf4,FUN_6009fcf4,318
6009fe40,FUN_6009fe40,116
6009feb8,FUN_6009feb8,90
6009ff18,FUN_6009ff18,130
6009ffa0,FUN_6009ffa0,186
600a0060,FUN_600a0060,88
600a00bc,FUN_600a00bc,140
600a014c,FUN_600a014c,80
600a01a0,FUN_600a01a0,30
600a01c4,FUN_600a01c4,36
600a01f0,FUN_600a01f0,22
600a020c,FUN_600a020c,22
600a0228,FUN_600a0228,22
600a0244,FUN_600a0244,22
600a0260,FUN_600a0260,22
600a027c,FUN_600a027c,22
600a0298,FUN_600a0298,22
600a02b4,FUN_600a02b4,32
600a02d8,FUN_600a02d8,36
600a0300,FUN_600a0300,22
600a031c,FUN_600a031c,36
600a0344,FUN_600a0344,68
600a038c,FUN_600a038c,210
600a046c,FUN_600a046c,18
600a0484,FUN_600a0484,152
600a0520,FUN_600a0520,134
600a05ac,FUN_600a05ac,74
600a0600,FUN_600a0600,128
600a068c,FUN_600a068c,144
600a0730,FUN_600a0730,112
600a07b0,FUN_600a07b0,80
600a0804,FUN_600a0804,186
600a08c4,FUN_600a08c4,758
600a0bc4,FUN_600a0bc4,218
600a0cac,FUN_600a0cac,180
600a0d68,FUN_600a0d68,154
600a0e08,FUN_600a0e08,122
600a0e88,FUN_600a0e88,236
600a0f7c,FUN_600a0f7c,82
600a0fd4,FUN_600a0fd4,96
600a1038,FUN_600a1038,96
600a109c,FUN_600a109c,64
600a10e0,FUN_600a10e0,110
600a1154,FUN_600a1154,28
600a1174,FUN_600a1174,72
600a11c0,FUN_600a11c0,80
600a1218,FUN_600a1218,26
600a1238,FUN_600a1238,30
600a125c,FUN_600a125c,66
600a12a4,FUN_600a12a4,56
600a12e0,FUN_600a12e0,88
600a1340,FUN_600a1340,16
600a1354,FUN_600a1354,16
600a1368,FUN_600a1368,38
600a1394,FUN_600a1394,86
600a13f0,FUN_600a13f0,156
600a1490,FUN_600a1490,78
600a14e4,FUN_600a14e4,118
600a1560,FUN_600a1560,82
600a15b8,FUN_600a15b8,140
600a1648,FUN_600a1648,76
600a1698,FUN_600a1698,94
600a16fc,FUN_600a16fc,192
600a17c0,FUN_600a17c0,40
600a17ec,FUN_600a17ec,272
600a1900,FUN_600a1900,602
600a1b68,FUN_600a1b68,110
600a1bdc,FUN_600a1bdc,110
600a1c50,FUN_600a1c50,86
600a1cac,FUN_600a1cac,134
600a1d3c,FUN_600a1d3c,342
600a1e9c,FUN_600a1e9c,60
600a1edc,FUN_600a1edc,26
600a1efc,FUN_600a1efc,200
600a1fc8,FUN_600a1fc8,430
600a2180,FUN_600a2180,94
600a21e4,FUN_600a21e4,82
600a223c,FUN_600a223c,64
600a2280,FUN_600a2280,116
600a2300,FUN_600a2300,52
600a2338,FUN_600a2338,362
600a24a8,FUN_600a24a8,26
600a24c8,FUN_600a24c8,122
600a2548,FUN_600a2548,42
600a2578,FUN_600a2578,120
600a25f8,FUN_600a25f8,64
600a2640,FUN_600a2640,168
600a26ec,FUN_600a26ec,80
600a2740,FUN_600a2740,180
600a27fc,FUN_600a27fc,132
600a2884,FUN_600a2884,280
600a29a0,FUN_600a29a0,258
600a2ab0,FUN_600a2ab0,944
600a2e68,FUN_600a2e68,194
600a2f3c,FUN_600a2f3c,208
600a3014,FUN_600a3014,210
600a30f0,FUN_600a30f0,414
600a3294,FUN_600a3294,54
600a32d4,FUN_600a32d4,96
600a333c,FUN_600a333c,54
600a337c,FUN_600a337c,164
600a3424,FUN_600a3424,436
600a35e4,FUN_600a35e4,68
600a362c,FUN_600a362c,174
600a36e4,FUN_600a36e4,58
600a3724,FUN_600a3724,92
600a3784,FUN_600a3784,380
600a3904,FUN_600a3904,304
600a3a38,FUN_600a3a38,518
600a3c54,FUN_600a3c54,118
600a3cd0,FUN_600a3cd0,182
600a3d8c,FUN_600a3d8c,432
600a3f40,FUN_600a3f40,114
600a3fc0,FUN_600a3fc0,74
600a4010,FUN_600a4010,76
600a4060,FUN_600a4060,24
600a407c,FUN_600a407c,66
600a40c4,FUN_600a40c4,412
600a4270,FUN_600a4270,90
600a42d0,FUN_600a42d0,480
600a44bc,FUN_600a44bc,850
600a4820,FUN_600a4820,348
600a4984,FUN_600a4984,146
600a4a20,FUN_600a4a20,238
600a4b1c,FUN_600a4b1c,148
600a4bb8,FUN_600a4bb8,158
600a4c5c,FUN_600a4c5c,1346
600a51a8,FUN_600a51a8,908
600a5540,FUN_600a5540,288
600a5670,FUN_600a5670,156
600a5714,FUN_600a5714,70
600a5760,FUN_600a5760,210
600a5840,FUN_600a5840,54
600a5880,FUN_600a5880,94
600a58f0,FUN_600a58f0,110
600a5964,FUN_600a5964,102
600a59d0,FUN_600a59d0,1236
600a5ec8,FUN_600a5ec8,682
600a6184,FUN_600a6184,310
600a62cc,FUN_600a62cc,680
600a6598,FUN_600a6598,86
600a65f4,FUN_600a65f4,286
600a6720,FUN_600a6720,190
600a67ec,FUN_600a67ec,686
600a6aa4,FUN_600a6aa4,116
600a6b20,FUN_600a6b20,468
600a6cf8,FUN_600a6cf8,114
600a6d70,FUN_600a6d70,1246
600a7268,FUN_600a7268,154
600a730c,FUN_600a730c,456
600a74dc,FUN_600a74dc,336
600a7634,FUN_600a7634,144
600a76cc,FUN_600a76cc,378
600a7870,FUN_600a7870,714
600a7b44,FUN_600a7b44,450
600a7d0c,FUN_600a7d0c,230
600a7df8,FUN_600a7df8,138
600a7e8c,FUN_600a7e8c,86
600a7ee8,FUN_600a7ee8,194
600a7fb4,FUN_600a7fb4,72
600a8000,FUN_600a8000,72
600a804c,FUN_600a804c,98
600a80b4,FUN_600a80b4,80
600a8108,FUN_600a8108,146
600a81ac,FUN_600a81ac,116
600a8228,FUN_600a8228,110
600a82a0,FUN_600a82a0,102
600a830c,FUN_600a830c,184
600a83c8,FUN_600a83c8,68
600a8410,FUN_600a8410,126
600a8494,FUN_600a8494,288
600a85b8,FUN_600a85b8,270
600a86d0,FUN_600a86d0,150
600a8778,FUN_600a8778,608
600a89f0,FUN_600a89f0,1044
600a9234,FUN_600a9234,204
600a9308,FUN_600a9308,164
600a93b0,FUN_600a93b0,136
600a943c,FUN_600a943c,312
600a957c,FUN_600a957c,338
600a96d8,FUN_600a96d8,730
600a99cc,FUN_600a99cc,302
600a9b04,FUN_600a9b04,318
600a9c4c,FUN_600a9c4c,444
600a9e14,FUN_600a9e14,78
600a9e74,FUN_600a9e74,92
600a9ed8,FUN_600a9ed8,36
600a9f04,FUN_600a9f04,724
600aa340,FUN_600aa340,128
600aa3cc,FUN_600aa3cc,96
600aa438,FUN_600aa438,126
600aa4c4,FUN_600aa4c4,38
600aa4f4,FUN_600aa4f4,44
600aa534,FUN_600aa534,114
600aa5ac,FUN_600aa5ac,46
600aa5e4,FUN_600aa5e4,92
600aa648,FUN_600aa648,44
600aa678,FUN_600aa678,48
600aa6f0,FUN_600aa6f0,80
600aa744,FUN_600aa744,86
600aa7a0,FUN_600aa7a0,92
600aa800,FUN_600aa800,82
600aa858,FUN_600aa858,70
600aa8a4,FUN_600aa8a4,70
600aa8f0,FUN_600aa8f0,472
600aaacc,FUN_600aaacc,70
600aac04,FUN_600aac04,384
600aad90,FUN_600aad90,156
600aae30,FUN_600aae30,182
600aaeec,FUN_600aaeec,70
600aaf38,FUN_600aaf38,152
600aafd4,FUN_600aafd4,78
600ab088,FUN_600ab088,72
600ab0d4,FUN_600ab0d4,54
600ab110,FUN_600ab110,502
600ab318,FUN_600ab318,252
600ab424,FUN_600ab424,304
600ab564,FUN_600ab564,180
600ab620,FUN_600ab620,316
600ab778,FUN_600ab778,272
600ab88c,FUN_600ab88c,68
600ab8d4,FUN_600ab8d4,222
600ab9b8,FUN_600ab9b8,338
600abb14,FUN_600abb14,172
600abbc4,FUN_600abbc4,42
600abbf4,FUN_600abbf4,78
600abc48,FUN_600abc48,104
600abcb4,FUN_600abcb4,118
600abd38,FUN_600abd38,104
600abdac,FUN_600abdac,330
600abf08,FUN_600abf08,254
600ac014,FUN_600ac014,270
600ac128,FUN_600ac128,256
600ac22c,FUN_600ac22c,114
600ac2a4,FUN_600ac2a4,384
600ac438,FUN_600ac438,210
600ac524,FUN_600ac524,382
600ac6ac,FUN_600ac6ac,82
600ac734,FUN_600ac734,614
600ac9a4,FUN_600ac9a4,1076
600acddc,FUN_600acddc,368
600acf50,FUN_600acf50,364
600ad130,FUN_600ad130,244
600ad228,FUN_600ad228,590
600ad494,FUN_600ad494,92
600ad4f4,FUN_600ad4f4,278
600ad610,FUN_600ad610,224
600ad710,FUN_600ad710,224
600ad7fc,FUN_600ad7fc,102
600ad868,FUN_600ad868,68
600ad8b0,FUN_600ad8b0,70
600ad8fc,FUN_600ad8fc,216
600ad9d8,FUN_600ad9d8,142
600ada6c,FUN_600ada6c,102
600adad8,FUN_600adad8,118
600adb54,FUN_600adb54,162
600adbfc,FUN_600adbfc,134
600adc88,FUN_600adc88,84
600adce0,FUN_600adce0,464
600adeb4,FUN_600adeb4,542
600ae0dc,FUN_600ae0dc,516
600ae2e8,FUN_600ae2e8,500
600ae4e0,FUN_600ae4e0,396
600ae670,FUN_600ae670,378
600ae7f8,FUN_600ae7f8,270
600ae90c,FUN_600ae90c,506
600aeb14,FUN_600aeb14,550
600aed40,FUN_600aed40,326
600aee8c,FUN_600aee8c,302
600aefc0,FUN_600aefc0,92
600af020,FUN_600af020,80
600af074,FUN_600af074,58
600af0b4,FUN_600af0b4,182
600af170,FUN_600af170,48
600af1a4,FUN_600af1a4,46
600af1d8,FUN_600af1d8,96
600af240,FUN_600af240,138
600af2d0,FUN_600af2d0,64
600af314,FUN_600af314,50
600af350,FUN_600af350,56
600af390,FUN_600af390,96
600af3f4,FUN_600af3f4,76
600af444,FUN_600af444,138
600af4d4,FUN_600af4d4,66
600af51c,FUN_600af51c,116
600af598,FUN_600af598,114
600af610,FUN_600af610,154
600af6b0,FUN_600af6b0,98
600af718,FUN_600af718,64
600af75c,FUN_600af75c,102
600af7c8,FUN_600af7c8,72
600af814,FUN_600af814,66
600af85c,FUN_600af85c,74
600af8ac,FUN_600af8ac,172
600af95c,FUN_600af95c,64
600af9a0,FUN_600af9a0,88
600af9fc,FUN_600af9fc,334
600afb50,FUN_600afb50,122
600afbd0,FUN_600afbd0,176
600afc84,FUN_600afc84,158
600afd28,FUN_600afd28,86
600afd84,FUN_600afd84,110
600afdf8,FUN_600afdf8,162
600afea0,FUN_600afea0,114
600aff18,FUN_600aff18,106
600aff88,FUN_600aff88,144
600b001c,FUN_600b001c,142
600b00b4,FUN_600b00b4,550
600b02e0,FUN_600b02e0,346
600b0444,FUN_600b0444,240
600b0548,FUN_600b0548,78
600b059c,FUN_600b059c,78
600b05f0,FUN_600b05f0,290
600b0718,FUN_600b0718,18
600b0730,FUN_600b0730,56
600b076c,FUN_600b076c,178
600b0824,FUN_600b0824,130
600b08ac,FUN_600b08ac,94
600b0910,FUN_600b0910,94
600b0974,FUN_600b0974,126
600b09f8,FUN_600b09f8,260
600b0b00,FUN_600b0b00,170
600b0bb0,FUN_600b0bb0,170
600b0c60,FUN_600b0c60,110
600b0cd4,FUN_600b0cd4,208
600b0da8,FUN_600b0da8,126
600b0e2c,FUN_600b0e2c,406
600b0fc8,FUN_600b0fc8,96
600b102c,FUN_600b102c,96
600b1090,FUN_600b1090,142
600b1124,FUN_600b1124,316
600b1264,FUN_600b1264,124
600b12e4,FUN_600b12e4,128
600b1368,FUN_600b1368,110
600b13dc,FUN_600b13dc,216
600b14b8,FUN_600b14b8,156
600b1558,FUN_600b1558,128
600b15dc,FUN_600b15dc,96
600b1640,FUN_600b1640,126
600b16c4,FUN_600b16c4,316
600b1804,FUN_600b1804,144
600b1898,FUN_600b1898,192
600b195c,FUN_600b195c,96
600b19c0,FUN_600b19c0,198
600b1a8c,FUN_600b1a8c,142
600b1b20,FUN_600b1b20,96
600b1b84,FUN_600b1b84,96
600b1be8,FUN_600b1be8,142
600b1c7c,FUN_600b1c7c,110
600b1cf0,FUN_600b1cf0,128
600b1d74,FUN_600b1d74,134
600b1e00,FUN_600b1e00,84
600b1e58,FUN_600b1e58,154
600b1ef8,FUN_600b1ef8,94
600b1f5c,FUN_600b1f5c,218
600b203c,FUN_600b203c,94
600b20a0,FUN_600b20a0,232
600b218c,FUN_600b218c,148
600b2224,FUN_600b2224,128
600b22a8,FUN_600b22a8,142
600b233c,FUN_600b233c,142
600b23d0,FUN_600b23d0,160
600b2474,FUN_600b2474,128
600b24f8,FUN_600b24f8,204
600b25c8,FUN_600b25c8,128
600b264c,FUN_600b264c,128
600b26d0,FUN_600b26d0,144
600b2764,FUN_600b2764,128
600b27e8,FUN_600b27e8,194
600b28b0,FUN_600b28b0,128
600b2934,FUN_600b2934,128
600b29b8,FUN_600b29b8,144
600b2a4c,FUN_600b2a4c,128
600b2ad0,FUN_600b2ad0,128
600b2b54,FUN_600b2b54,192
600b2c18,FUN_600b2c18,260
600b2d20,FUN_600b2d20,128
600b2da4,FUN_600b2da4,192
600b2e68,FUN_600b2e68,128
600b2eec,FUN_600b2eec,142
600b2f80,FUN_600b2f80,162
600b3028,FUN_600b3028,128
600b30ac,FUN_600b30ac,134
600b3138,FUN_600b3138,134
600b31c4,FUN_600b31c4,118
600b3240,FUN_600b3240,352
600b33a4,FUN_600b33a4,110
600b3418,FUN_600b3418,142
600b34ac,FUN_600b34ac,152
600b3548,FUN_600b3548,128
600b35cc,FUN_600b35cc,110
600b3640,FUN_600b3640,162
600b36e8,FUN_600b36e8,162
600b3790,FUN_600b3790,110
600b3804,FUN_600b3804,110
600b3878,FUN_600b3878,128
600b38fc,FUN_600b38fc,162
600b39a4,FUN_600b39a4,214
600b3a80,FUN_600b3a80,166
600b3b2c,FUN_600b3b2c,206
600b3c00,FUN_600b3c00,110
600b3c74,FUN_600b3c74,176
600b3d28,FUN_600b3d28,142
600b3dbc,FUN_600b3dbc,256
600b3ec0,FUN_600b3ec0,326
600b400c,FUN_600b400c,584
600b4258,FUN_600b4258,240
600b434c,FUN_600b434c,256
600b4450,FUN_600b4450,242
600b4548,FUN_600b4548,102
600b45b4,FUN_600b45b4,160
600b4658,FUN_600b4658,184
600b4714,FUN_600b4714,128
600b4798,FUN_600b4798,110
600b480c,FUN_600b480c,102
600b4878,FUN_600b4878,102
600b48e4,FUN_600b48e4,96
600b4948,FUN_600b4948,110
600b49bc,FUN_600b49bc,96
600b4a20,FUN_600b4a20,96
600b4a84,FUN_600b4a84,128
600b4b08,FUN_600b4b08,128
600b4b8c,FUN_600b4b8c,96
600b4bf0,FUN_600b4bf0,124
600b4c70,FUN_600b4c70,110
600b4ce4,FUN_600b4ce4,110
600b4d58,FUN_600b4d58,110
600b4dcc,FUN_600b4dcc,110
600b4e40,FUN_600b4e40,74
600b4e8a,FUN_600b4e8a,54
600b4ec2,FUN_600b4ec2,2
600b4ec4,FUN_600b4ec4,12
600b4ed0,FUN_600b4ed0,96
600b4f34,FUN_600b4f34,166
600b4fe4,FUN_600b4fe4,44
600b5018,FUN_600b5018,94
600b507c,FUN_600b507c,78
600b50d0,FUN_600b50d0,398
600b5264,FUN_600b5264,446
600b542c,FUN_600b542c,162
600b54d4,FUN_600b54d4,102
600b5540,FUN_600b5540,364
600b5720,FUN_600b5720,274
600b5844,FUN_600b5844,420
600b59ec,FUN_600b59ec,450
600b5bc0,FUN_600b5bc0,68
600b5c08,FUN_600b5c08,456
600b5dd0,FUN_600b5dd0,38
600b5e00,FUN_600b5e00,164
600b5ec8,FUN_600b5ec8,620
600b61c4,FUN_600b61c4,288
600b6378,FUN_600b6378,260
600b6550,FUN_600b6550,384
600b674c,FUN_600b674c,310
600b6900,FUN_600b6900,940
600b6d30,FUN_600b6d30,540
600b6fcc,FUN_600b6fcc,172
600b70f4,FUN_600b70f4,154
600b720c,FUN_600b720c,186
600b72cc,FUN_600b72cc,36
600b72f0,FUN_600b72f0,38
600b731c,FUN_600b731c,84
600b7374,FUN_600b7374,178
600b742c,FUN_600b742c,166
600b74d8,FUN_600b74d8,408
600b7674,FUN_600b7674,390
600b7800,FUN_600b7800,830
600b7b48,FUN_600b7b48,324
600b7c94,FUN_600b7c94,38
600b7cba,FUN_600b7cba,232
600b7db8,FUN_600b7db8,725
600b8094,FUN_600b8094,340
600b81ec,FUN_600b81ec,568
600b842c,FUN_600b842c,410
600b85c6,FUN_600b85c6,24
600b85e4,FUN_600b85e4,666
600b8888,FUN_600b8888,300
600b89b8,FUN_600b89b8,486
600b8ba4,FUN_600b8ba4,460
600b8d7c,FUN_600b8d7c,392
600b8f0c,FUN_600b8f0c,452
600b90d8,FUN_600b90d8,590
600b932c,FUN_600b932c,38
600b9358,FUN_600b9358,168
600b9408,FUN_600b9408,804
600b9740,FUN_600b9740,494
600b9938,FUN_600b9938,448
600b9afc,FUN_600b9afc,532
600b9d18,FUN_600b9d18,120
600b9d94,FUN_600b9d94,144
600b9e28,FUN_600b9e28,902
600ba1c4,FUN_600ba1c4,3898
600bb15c,FUN_600bb15c,146
600bb1f8,FUN_600bb1f8,164
600bb2ac,FUN_600bb2ac,96
600bb3b4,FUN_600bb3b4,146
600bb44c,FUN_600bb44c,218
600bb534,FUN_600bb534,414
600bb6dc,FUN_600bb6dc,94
600bb740,FUN_600bb740,26
600bb760,FUN_600bb760,62
600bb7e4,FUN_600bb7e4,276
600bb8f8,FUN_600bb8f8,8
600bb904,FUN_600bb904,2
600bb906,FUN_600bb906,544
600bbb2c,FUN_600bbb2c,200
600bbbf8,FUN_600bbbf8,318
600bbd3c,FUN_600bbd3c,716
600bc00c,FUN_600bc00c,322
600bc158,FUN_600bc158,76
600bc1a8,FUN_600bc1a8,74
600bc1f8,FUN_600bc1f8,162
600bc2a0,FUN_600bc2a0,378
600bc424,FUN_600bc424,82
600bc480,FUN_600bc480,236
600bc574,FUN_600bc574,76
600bc5c4,FUN_600bc5c4,322
600bc710,FUN_600bc710,74
600bc760,FUN_600bc760,130
600bc7e8,FUN_600bc7e8,52
600bc81c,FUN_600bc81c,24
600bc880,FUN_600bc880,266
600bc994,FUN_600bc994,80
600bc9e4,FUN_600bc9e4,256
600bcae8,FUN_600bcae8,242
600bcbe0,FUN_600bcbe0,74
600bcc30,FUN_600bcc30,116
600bcca8,FUN_600bcca8,434
600bce60,FUN_600bce60,292
600bcf88,FUN_600bcf88,394
600bd118,FUN_600bd118,48
600bd150,FUN_600bd150,810
600bd484,FUN_600bd484,48
600bd4bc,FUN_600bd4bc,310
600bd5fc,FUN_600bd5fc,86
600bd65c,FUN_600bd65c,208
600bd730,FUN_600bd730,270
600bd848,FUN_600bd848,516
600bda54,FUN_600bda54,86
600bdaaa,FUN_600bdaaa,100
600bdb14,FUN_600bdb14,98
600bdb7c,FUN_600bdb7c,162
600bdc24,FUN_600bdc24,368
600bdd9c,FUN_600bdd9c,208
600bde90,FUN_600bde90,168
600bdf3c,FUN_600bdf3c,288
600be060,FUN_600be060,154
600be100,FUN_600be100,76
600be150,FUN_600be150,1026
600be558,FUN_600be558,1472
600beb20,FUN_600beb20,1966
600bf2d8,FUN_600bf2d8,74
600bf328,FUN_600bf328,72
600bf374,FUN_600bf374,60
600bf3b4,FUN_600bf3b4,430
600bf5a4,FUN_600bf5a4,246
600bf6a0,FUN_600bf6a0,526
600bf8ec,FUN_600bf8ec,576
600bfb4c,FUN_600bfb4c,14
600bfb5a,FUN_600bfb5a,8
600bfb62,FUN_600bfb62,174
600bfc34,FUN_600bfc34,500
600bfe2c,FUN_600bfe2c,126
600bfeec,FUN_600bfeec,148
600bff84,FUN_600bff84,94
600bffe8,FUN_600bffe8,256
600c0114,FUN_600c0114,142
600c01b8,FUN_600c01b8,200
600c0294,FUN_600c0294,300
600c03d8,FUN_600c03d8,82
600c0434,FUN_600c0434,132
600c04c4,FUN_600c04c4,42
600c04f4,FUN_600c04f4,38
600c0524,FUN_600c0524,44
600c0558,FUN_600c0558,28
600c0578,FUN_600c0578,104
600c05e4,FUN_600c05e4,86
600c0640,FUN_600c0640,78
600c0698,FUN_600c0698,154
600c073c,FUN_600c073c,114
600c07b4,FUN_600c07b4,40
600c07e4,FUN_600c07e4,218
600c08c4,FUN_600c08c4,104
600c0930,FUN_600c0930,176
600c09f0,FUN_600c09f0,204
600c0ac4,FUN_600c0ac4,442
600c0c84,FUN_600c0c84,44
600c0cb4,FUN_600c0cb4,108
600c0d20,FUN_600c0d20,28
600c0d3c,FUN_600c0d3c,112
600c0db4,FUN_600c0db4,44
600c0de4,FUN_600c0de4,44
600c0e14,FUN_600c0e14,98
600c0e7c,FUN_600c0e7c,84
600c0ed4,FUN_600c0ed4,44
600c0f04,FUN_600c0f04,44
600c0f34,FUN_600c0f34,230
600c1030,FUN_600c1030,112
600c10a4,FUN_600c10a4,156
600c1158,FUN_600c1158,80
600c11bc,FUN_600c11bc,40
600c1204,FUN_600c1204,166
600c12b0,FUN_600c12b0,300
600c13e8,FUN_600c13e8,168
600c1494,FUN_600c1494,176
600c1548,FUN_600c1548,42
600c1578,FUN_600c1578,42
600c15a8,FUN_600c15a8,346
600c1738,FUN_600c1738,68
600c1788,FUN_600c1788,214
600c1864,FUN_600c1864,284
600c1988,FUN_600c1988,102
600c19f4,FUN_600c19f4,36
600c1a1c,FUN_600c1a1c,20
600c1a34,FUN_600c1a34,220
600c1b20,FUN_600c1b20,78
600c1b74,FUN_600c1b74,138
600c1c04,FUN_600c1c04,38
600c1c30,FUN_600c1c30,160
600c1cd4,FUN_600c1cd4,102
600c1d40,FUN_600c1d40,102
600c1dac,FUN_600c1dac,102
600c1e18,FUN_600c1e18,138
600c1ea8,FUN_600c1ea8,114
600c1f20,FUN_600c1f20,128
600c1fa4,FUN_600c1fa4,102
600c2010,FUN_600c2010,90
600c2070,FUN_600c2070,90
600c20d0,FUN_600c20d0,144
600c2164,FUN_600c2164,102
600c21d0,FUN_600c21d0,102
600c223c,FUN_600c223c,90
600c229c,FUN_600c229c,98
600c2304,FUN_600c2304,86
600c239c,FUN_600c239c,84
600c23f4,FUN_600c23f4,216
600c24d0,FUN_600c24d0,216
600c25ac,FUN_600c25ac,80
600c2604,FUN_600c2604,138
600c269c,FUN_600c269c,332
600c2810,FUN_600c2810,106
600c288c,FUN_600c288c,114
600c290c,FUN_600c290c,192
600c29d0,FUN_600c29d0,84
600c2a28,FUN_600c2a28,270
600c2b3c,FUN_600c2b3c,196
600c2c04,FUN_600c2c04,244
600c2d00,FUN_600c2d00,88
600c2d5c,FUN_600c2d5c,296
600c2e9c,FUN_600c2e9c,198
600c2f68,FUN_600c2f68,280
600c309c,FUN_600c309c,168
600c3150,FUN_600c3150,242
600c3250,FUN_600c3250,102
600c32c4,FUN_600c32c4,68
600c330c,FUN_600c330c,78
600c3368,FUN_600c3368,116
600c33f0,FUN_600c33f0,80
600c3450,FUN_600c3450,198
600c3520,FUN_600c3520,46
600c3558,FUN_600c3558,932
600c3924,FUN_600c3924,50
600c3960,FUN_600c3960,86
600c39c0,FUN_600c39c0,100
600c3a30,FUN_600c3a30,28
600c3a50,FUN_600c3a50,46
600c3a88,FUN_600c3a88,62
600c3ad0,FUN_600c3ad0,62
600c3b18,FUN_600c3b18,52
600c3b54,FUN_600c3b54,46
600c3b88,FUN_600c3b88,52
600c3bc4,FUN_600c3bc4,50
600c3c00,FUN_600c3c00,618
600c3e84,FUN_600c3e84,118
600c3f04,FUN_600c3f04,346
600c405e,FUN_600c405e,2
600c4070,FUN_600c4070,58
600c40b0,FUN_600c40b0,268
600c41c0,FUN_600c41c0,130
600c424c,FUN_600c424c,204
600c4320,FUN_600c4320,142
600c43c4,FUN_600c43c4,176
600c447c,FUN_600c447c,236
600c4570,FUN_600c4570,246
600c4674,FUN_600c4674,224
600c4758,FUN_600c4758,170
600c4808,FUN_600c4808,698
600c4af8,FUN_600c4af8,60
600c4b38,FUN_600c4b38,58
600c4b7c,FUN_600c4b7c,200
600c4c58,FUN_600c4c58,18
600c4c6a,FUN_600c4c6a,110
600c4cdc,FUN_600c4cdc,50
600c4d18,FUN_600c4d18,134
600c4da8,FUN_600c4da8,1030
600c51d0,FUN_600c51d0,74
600c5228,FUN_600c5228,78
600c527c,FUN_600c527c,76
600c52cc,FUN_600c52cc,292
600c53f8,FUN_600c53f8,236
600c54ec,FUN_600c54ec,46
600c5524,FUN_600c5524,74
600c556e,FUN_600c556e,2
600c5574,FUN_600c5574,214
600c5670,FUN_600c5670,198
600c5744,FUN_600c5744,78
600c5798,FUN_600c5798,92
600c57fc,FUN_600c57fc,194
600c5908,FUN_600c5908,734
600c5c20,FUN_600c5c20,104
600c5c8c,FUN_600c5c8c,66
600c5cd8,FUN_600c5cd8,96
600c5d3c,FUN_600c5d3c,106
600c5db0,FUN_600c5db0,232
600c5eac,FUN_600c5eac,62
600c5ef4,FUN_600c5ef4,98
600c5f64,FUN_600c5f64,60
600c5fa4,FUN_600c5fa4,70
600c5ff4,FUN_600c5ff4,174
600c60cc,FUN_600c60cc,42
600c60fc,FUN_600c60fc,28
600c611c,FUN_600c611c,498
600c6318,FUN_600c6318,100
600c6380,FUN_600c6380,92
600c63e0,FUN_600c63e0,228
600c64c8,FUN_600c64c8,226
600c65b0,FUN_600c65b0,158
600c6654,FUN_600c6654,142
600c66e8,FUN_600c66e8,186
600c67ac,FUN_600c67ac,330
600c68fc,FUN_600c68fc,218
600c69dc,FUN_600c69dc,92
600c6a3c,FUN_600c6a3c,112
600c6ab0,FUN_600c6ab0,28
600c6ad0,FUN_600c6ad0,472
600c6cb0,FUN_600c6cb0,110
600c6d24,FUN_600c6d24,122
600c6da4,FUN_600c6da4,118
600c6e20,FUN_600c6e20,110
600c6e94,FUN_600c6e94,100
600c6efc,FUN_600c6efc,80
600c6f50,FUN_600c6f50,142
600c6fe4,FUN_600c6fe4,94
600c7048,FUN_600c7048,94
600c70ac,FUN_600c70ac,58
600c70ec,FUN_600c70ec,58
600c712c,FUN_600c712c,58
600c716c,FUN_600c716c,58
600c71ac,FUN_600c71ac,560
600c73e0,FUN_600c73e0,58
600c7420,FUN_600c7420,58
600c7460,FUN_600c7460,58
600c74a0,FUN_600c74a0,980
600c7878,FUN_600c7878,106
600c78e8,FUN_600c78e8,114
600c7960,FUN_600c7960,128
600c79e4,FUN_600c79e4,194
600c7aac,FUN_600c7aac,252
600c7bac,FUN_600c7bac,182
600c7c68,FUN_600c7c68,166
600c7d14,FUN_600c7d14,74
600c7d64,FUN_600c7d64,336
600c7eb8,FUN_600c7eb8,156
600c7fc8,FUN_600c7fc8,304
600c80fc,FUN_600c80fc,830
600c8454,FUN_600c8454,438
600c8610,FUN_600c8610,292
600c8798,FUN_600c8798,574
600c89e0,FUN_600c89e0,106
600c8a54,FUN_600c8a54,110
600c8acc,FUN_600c8acc,80
600c8b24,FUN_600c8b24,1198
600c8fd8,FUN_600c8fd8,2764
600c9aac,FUN_600c9aac,536
600c9d44,event_groups__600c9d44,60
600c9d88,event_groups__600c9d88,68
600c9dd4,FUN_600c9dd4,16
600c9de4,queue__600c9de4,128
600c9e6c,queue__600c9e6c,54
600c9eac,queue__600c9eac,60
600c9ef0,queue__600c9ef0,154
600c9f94,queue__600c9f94,22
600c9fb4,FUN_600c9fb4,32
600c9fd8,FUN_600c9fd8,198
600ca0d8,FUN_600ca0d8,28
600ca0fc,FUN_600ca0fc,170
600ca1b4,tasks__600ca1b4,58
600ca1f8,tasks__600ca1f8,124
600ca27c,tasks__600ca27c,164
600ca350,tasks__600ca350,98
600ca3d0,FUN_600ca3d0,194
600ca4ac,tasks__600ca4ac,136
600ca560,FUN_600ca560,12
600ca570,FUN_600ca570,6
600ca57c,tasks__600ca57c,30
600ca5a8,tasks__600ca5a8,24
600ca5cc,tasks__600ca5cc,176
600ca6a4,FUN_600ca6a4,8
600ca6b0,FUN_600ca6b0,118
600ca72c,FUN_600ca72c,140
600ca7d0,FUN_600ca7d0,110
600ca844,FUN_600ca844,362
600ca9dc,FUN_600ca9dc,6
600ca9e8,tasks__600ca9e8,156
600caa98,FUN_600caa98,20
600caab0,FUN_600caab0,140
600cab44,tasks__600cab44,232
600cac50,FUN_600cac50,70
600cacb8,timers__600cacb8,82
600cad24,timers__600cad24,104
600cad94,timers__600cad94,114
600cae18,timers__600cae18,22
600cae38,timers__600cae38,38
600cae68,FUN_600cae68,70
600caec8,FUN_600caec8,180
600caf64,FUN_600caf64,98
600cafcc,FUN_600cafcc,28
600cafec,FUN_600cafec,64
600cb030,mpu__600cb030,440
600cb210,key_value_store__600cb210,88
600cb270,FUN_600cb270,136
600cb2fc,key_value_store__600cb2fc,148
600cb39c,key_value_store__600cb39c,126
600cb428,key_value_store__600cb428,46
600cb460,key_value_store__600cb460,304
600cb598,key_value_store__600cb598,338
600cb6fc,key_value_store__600cb6fc,1006
600cbb14,FUN_600cbb14,16
600cbb2c,FUN_600cbb2c,24
600cbb7c,FUN_600cbb7c,98
600cbbc0,FUN_600cbbc0,70
600cbc18,FUN_600cbc18,56
600cbc60,FUN_600cbc60,90
600cbccc,FUN_600cbccc,126
600cbd68,FUN_600cbd68,22
600cbdc8,xbara__600cbdc8,1172
600cbdd4,init__600cbdd4,22
600cbdf4,buffer__600cbdf4,94
600cbe5c,FUN_600cbe5c,90
600cbebc,logger__600cbebc,216
600cbfa0,FUN_600cbfa0,88
600cc000,FUN_600cc000,136
600cc090,FUN_600cc090,142
600cc124,FUN_600cc124,60
600cc160,FUN_600cc160,20
600cc178,FUN_600cc178,66
600cc1f4,FUN_600cc1f4,162
600cc29c,FUN_600cc29c,48
600cc2d0,FUN_600cc2d0,222
600cc3b4,FUN_600cc3b4,18
600cc3cc,FUN_600cc3cc,122
600cc450,FUN_600cc450,82
600cc4a8,FUN_600cc4a8,96
600cc518,FUN_600cc518,40
600cc540,FUN_600cc540,14
600cc554,FUN_600cc554,30
600cc578,FUN_600cc578,34
600cc5ac,FUN_600cc5ac,212
600cc6a0,heap_5_improved__600cc6a0,50
600cc6e4,FUN_600cc6e4,6
600cc6f0,FUN_600cc6f0,6
600cc6fc,FUN_600cc6fc,24
600cc824,FUN_600cc824,22
600cc884,FUN_600cc884,20
600cc8a8,FUN_600cc8a8,38
600cc8e0,FUN_600cc8e0,18
600cc8f8,FUN_600cc8f8,122
600cc984,FUN_600cc984,60
600cc9c4,FUN_600cc9c4,10
600cc9e4,FUN_600cc9e4,72
600cca30,FUN_600cca30,74
600cca80,FUN_600cca80,134
600ccb10,FUN_600ccb10,102
600ccb7c,FUN_600ccb7c,138
600ccc10,FUN_600ccc10,606
600ccea8,FUN_600ccea8,6
600cceb0,FUN_600cceb0,226
600ccfb4,FUN_600ccfb4,1568
600cd604,FUN_600cd604,114
600cd738,FUN_600cd738,4
600cd73c,FUN_600cd73c,562
600cd9ac,FUN_600cd9ac,14
600cd9bc,FUN_600cd9bc,126
600cda48,FUN_600cda48,186
600cdb18,FUN_600cdb18,24
600cdb4c,FUN_600cdb4c,40
600cdb74,FUN_600cdb74,56
600cdbbc,FUN_600cdbbc,20
600cdbd8,FUN_600cdbd8,178
600cdc90,FUN_600cdc90,16
600cdca0,FUN_600cdca0,36
600cdcc4,FUN_600cdcc4,104
600cdd2c,FUN_600cdd2c,64
600cdd6c,FUN_600cdd6c,28
600cdd88,FUN_600cdd88,44
600cddb4,FUN_600cddb4,20
600cddc8,FUN_600cddc8,473
600cdfb4,FUN_600cdfb4,540
600ce1d8,FUN_600ce1d8,12
600ce1e8,FUN_600ce1e8,12
600ce1f8,FUN_600ce1f8,40
600ce220,FUN_600ce220,18
600ce232,FUN_600ce232,2
600ce234,FUN_600ce234,24
600ce24c,FUN_600ce24c,16
600ce25c,FUN_600ce25c,14
600ce26a,FUN_600ce26a,54
600ce2a0,FUN_600ce2a0,38
600ce2c6,FUN_600ce2c6,84
600ce31a,FUN_600ce31a,2
600ce31c,FUN_600ce31c,56
600ce354,FUN_600ce354,236
600ce440,FUN_600ce440,72
600ce488,FUN_600ce488,116
600ce4fc,FUN_600ce4fc,48
600ce52c,FUN_600ce52c,48
600ce55c,FUN_600ce55c,58
600ce596,FUN_600ce596,54
600ce5cc,FUN_600ce5cc,46
600ce708,FUN_600ce708,60
600ce744,FUN_600ce744,60
600ce780,FUN_600ce780,312
600ce8be,FUN_600ce8be,32
600ce8de,FUN_600ce8de,84
600ce932,FUN_600ce932,42
600ce95c,FUN_600ce95c,18
600ce96e,FUN_600ce96e,130
600ce9f0,FUN_600ce9f0,132
600cea74,FUN_600cea74,132
600ceaf8,FUN_600ceaf8,18
600ceb0a,FUN_600ceb0a,112
600ceb7a,FUN_600ceb7a,14
600ceb88,FUN_600ceb88,28
600ceba4,FUN_600ceba4,66
600cebe6,FUN_600cebe6,40
600cec0e,FUN_600cec0e,18
600cec26,FUN_600cec26,144
600cecb6,FUN_600cecb6,82
600ced08,FUN_600ced08,40
600ced30,FUN_600ced30,146
600cedc2,FUN_600cedc2,22
600cedd8,FUN_600cedd8,22
600cee6e,FUN_600cee6e,66
600ceeb0,FUN_600ceeb0,296
600cefde,FUN_600cefde,20
600ceff2,FUN_600ceff2,216
600cf0ca,FUN_600cf0ca,232
600cf1b2,FUN_600cf1b2,52
600cf1e6,FUN_600cf1e6,26
600cf200,FUN_600cf200,36
600cf224,FUN_600cf224,16
600cf234,FUN_600cf234,18
600cf246,FUN_600cf246,32
600cf266,FUN_600cf266,44
600cf292,FUN_600cf292,22
600cf2a8,FUN_600cf2a8,22
600cf2be,FUN_600cf2be,208
600cf38e,FUN_600cf38e,28
600cf3aa,FUN_600cf3aa,24
600cf3c2,FUN_600cf3c2,28
600cf3de,FUN_600cf3de,358
600cf548,FUN_600cf548,210
600cf61e,FUN_600cf61e,16
600cf62e,FUN_600cf62e,16
600cf63e,FUN_600cf63e,32
600cf65e,FUN_600cf65e,158
600cf6fc,FUN_600cf6fc,186
600cf7b6,FUN_600cf7b6,94
600cf814,FUN_600cf814,98
600cf876,FUN_600cf876,52
600cf8aa,FUN_600cf8aa,52
600cf8de,FUN_600cf8de,232
600cf9c6,FUN_600cf9c6,92
600cfa22,FUN_600cfa22,108
600cfafe,FUN_600cfafe,20
600cfb2c,FUN_600cfb2c,8
600cfb34,FUN_600cfb34,14
600cfb42,FUN_600cfb42,14
600cfb50,FUN_600cfb50,14
600cfb5e,FUN_600cfb5e,14
600cfb82,FUN_600cfb82,116
600cfc34,FUN_600cfc34,30
600cfc52,FUN_600cfc52,30
600cfc70,FUN_600cfc70,30
600cfc8e,FUN_600cfc8e,164
600cfe6a,FUN_600cfe6a,46
600d018c,FUN_600d018c,378
600d0278,FUN_600d0278,378
600d0332,FUN_600d0332,1244
600d0590,FUN_600d0590,80
600d05e0,FUN_600d05e0,34
600d0602,FUN_600d0602,34
600d0624,FUN_600d0624,52
600d0658,FUN_600d0658,34
600d06d6,FUN_600d06d6,78
600d0724,FUN_600d0724,108
600d0790,FUN_600d0790,68
600d07d4,FUN_600d07d4,192
600d0894,FUN_600d0894,84
600d09c4,FUN_600d09c4,138
600d0a4e,FUN_600d0a4e,66
600d0a90,FUN_600d0a90,58
600d0b60,FUN_600d0b60,104
600d0bc8,FUN_600d0bc8,56
600d0c3c,FUN_600d0c3c,46
600d0c6a,FUN_600d0c6a,384
600d0dfc,FUN_600d0dfc,26
600d0e16,FUN_600d0e16,34
600d0e38,FUN_600d0e38,32
600d0e58,FUN_600d0e58,110
600d0ede,FUN_600d0ede,20
600d0ef2,FUN_600d0ef2,34
600d0f14,FUN_600d0f14,162
600d0fb6,FUN_600d0fb6,168
600d105e,FUN_600d105e,8
600d1066,FUN_600d1066,8
600d106e,FUN_600d106e,34
600d1090,FUN_600d1090,12
600d109c,FUN_600d109c,8
600d10a4,FUN_600d10a4,20
600d10b8,FUN_600d10b8,62
600d10f6,FUN_600d10f6,62
600d1134,FUN_600d1134,34
600d1156,FUN_600d1156,34
600d1178,FUN_600d1178,58
600d11ba,FUN_600d11ba,80
600d15c4,private_heap__600835ac,4
600d15c8,FUN_600d15c8,28
600d15e4,thunk_EXT_FUN_000080d8,4
600d15e8,FUN_600d15e8,16
600d15f8,FUN_600d15f8,46
600d1626,FUN_600d1626,60
600d1662,FUN_600d1662,44
600d168e,thunk_FUN_600d1662,4
600d1692,FUN_600d1692,28
600d16ae,FUN_600d16ae,22
600d16c4,FUN_600d16c4,102
600d172a,FUN_600d172a,28
600d1746,FUN_600d1746,40
600d176e,FUN_600d176e,32
600d178e,FUN_600d178e,32
600d17ae,FUN_600d17ae,248
600d18d2,FUN_600d18d2,56
600d190a,FUN_600d190a,64
600d194a,FUN_600d194a,132
600d19ce,FUN_600d19ce,28
600d19ea,FUN_600d19ea,120
600d1a62,FUN_600d1a62,58
600d1a9c,FUN_600d1a9c,260
600d1ba0,FUN_600d1ba0,60
600d1bdc,FUN_600d1bdc,60
600d1c18,FUN_600d1c18,58
600d1c52,FUN_600d1c52,58
600d1c8c,FUN_600d1c8c,154
600d1d26,FUN_600d1d26,32
600d1d46,FUN_600d1d46,32
600d1d66,FUN_600d1d66,36
600d1d8a,FUN_600d1d8a,236
600d1ea2,FUN_600d1ea2,62
600d1ee0,FUN_600d1ee0,100
600d1f44,FUN_600d1f44,20
600d1f58,FUN_600d1f58,32
600d1f78,FUN_600d1f78,32
600d1f98,FUN_600d1f98,30
600d1fb6,FUN_600d1fb6,36
600d1fda,FUN_600d1fda,32
600d1ffa,FUN_600d1ffa,36
600d201e,FUN_600d201e,78
600d206c,FUN_600d206c,212
600d2140,FUN_600d2140,76
600d218c,FUN_600d218c,30
600d21aa,FUN_600d21aa,30
600d21c8,FUN_600d21c8,30
600d21e6,FUN_600d21e6,32
600d2206,FUN_600d2206,32
600d2226,FUN_600d2226,32
600d2246,FUN_600d2246,48
600d2298,FUN_600d2298,48
600d22c8,FUN_600d22c8,134
600d234e,FUN_600d234e,672
600d25f4,FUN_600d25f4,136
600d265a,FUN_600d265a,74
600d26a4,FUN_600d26a4,70
600d26ea,FUN_600d26ea,28
600d2706,FUN_600d2706,26
600d2720,FUN_600d2720,66
600d2762,FUN_600d2762,82
600d27b4,FUN_600d27b4,260
600d28b8,FUN_600d28b8,206
600d2986,FUN_600d2986,50
600d29b8,FUN_600d29b8,132
600d2a3c,FUN_600d2a3c,50
600d2a6e,FUN_600d2a6e,32
600d2a8e,FUN_600d2a8e,64
600d2ace,FUN_600d2ace,64
600d2b0e,FUN_600d2b0e,94
600d2b6c,FUN_600d2b6c,68
600d2bb0,FUN_600d2bb0,480
600d2d94,FUN_600d2d94,38
600d2dba,FUN_600d2dba,282
600d3196,FUN_600d3196,40
600d31be,FUN_600d31be,14
600d31cc,FUN_600d31cc,26
600d31e6,FUN_600d31e6,28
600d3202,FUN_600d3202,66
600d3244,FUN_600d3244,18
600d3256,FUN_600d3256,18
600d3268,FUN_600d3268,58
600d32a2,FUN_600d32a2,76
600d32ee,FUN_600d32ee,60
600d332a,FUN_600d332a,34
600d334c,FUN_600d334c,58
600d3386,FUN_600d3386,44
600d33b2,FUN_600d33b2,126
600d33f6,caseD_7,10
600d344a,FUN_600d344a,112
600d34ba,FUN_600d34ba,60
600d34f6,thunk_FUN_60057ff0,4
600d34fa,FUN_600d34fa,58
600d3534,FUN_600d3534,48
600d3594,FUN_600d3594,6
600d359a,FUN_600d359a,6
600d35a0,FUN_600d35a0,54
600d35aa,FUN_600d35aa,6
600d35b4,FUN_600d35b4,22
600d35ca,FUN_600d35ca,22
600d35e0,FUN_600d35e0,22
600d3602,FUN_600d3602,22
600d3618,FUN_600d3618,32
600d3638,FUN_600d3638,32
600d3664,FUN_600d3664,14
600d3672,FUN_600d3672,14
600d36a8,FUN_600d36a8,14
600d36d6,FUN_600d36d6,100
600d373a,FUN_600d373a,100
600d379e,FUN_600d379e,14
600d37ac,FUN_600d37ac,12
600d37b8,FUN_600d37b8,22
600d37ce,FUN_600d37ce,48
600d37fe,FUN_600d37fe,48
600d382e,FUN_600d382e,90
600d3888,FUN_600d3888,32
600d38a8,FUN_600d38a8,32
600d38c8,FUN_600d38c8,112
600d3938,FUN_600d3938,48
600d3968,FUN_600d3968,34
600d398a,FUN_600d398a,48
600d39ba,FUN_600d39ba,90
600d3a14,FUN_600d3a14,2
600d3a16,thunk_FUN_60059eb8,4
600d3a38,FUN_600d3a38,22
600d3a56,FUN_600d3a56,14
600d3a64,FUN_600d3a64,20
600d3a78,FUN_600d3a78,76
600d3ac4,FUN_600d3ac4,34
600d3ae6,FUN_600d3ae6,28
600d3b02,FUN_600d3b02,16
600d3b12,FUN_600d3b12,18
600d3b24,FUN_600d3b24,22
600d3b3a,FUN_600d3b3a,22
600d3b50,FUN_600d3b50,18
600d3b62,FUN_600d3b62,30
600d3b80,FUN_600d3b80,24
600d3b98,FUN_600d3b98,24
600d3c7c,FUN_600d3c7c,64
600d3ccc,FUN_600d3ccc,68
600d3d10,FUN_600d3d10,68
600d3d54,FUN_600d3d54,40
600d3d7c,FUN_600d3d7c,30
600d3d9a,FUN_600d3d9a,62
600d3dd8,FUN_600d3dd8,28
600d3df4,FUN_600d3df4,44
600d3e22,FUN_600d3e22,40
600d3e4a,FUN_600d3e4a,22
600d3e60,FUN_600d3e60,52
600d3e94,FUN_600d3e94,32
600d3eb4,FUN_600d3eb4,26
600d3ece,FUN_600d3ece,280
600d3fe6,FUN_600d3fe6,38
600d400c,FUN_600d400c,20
600d4020,FUN_600d4020,22
600d4036,FUN_600d4036,32
600d4084,FUN_600d4084,40
600d40ac,FUN_600d40ac,22
600d40c2,FUN_600d40c2,10
600d40cc,FUN_600d40cc,20
600d410c,FUN_600d410c,16
600d411c,FUN_600d411c,60
600d415c,FUN_600d415c,32
600d41ec,FUN_600d41ec,26
600d4224,FUN_600d4224,26
600d424c,FUN_600d424c,22
600d4262,FUN_600d4262,22
600d4308,FUN_600d4308,40
600d4330,FUN_600d4330,56
600d43c6,FUN_600d43c6,70
600d44b0,FUN_600d44b0,66
600d44f2,FUN_600d44f2,94
600d4550,FUN_600d4550,16
600d4560,FUN_600d4560,2
600d4566,FUN_600d4566,48
600d4596,led_calibration__600d4596,178
600d45a4,FUN_600d45a4,14
600d45b2,FUN_600d45b2,8
600d45ba,FUN_600d45ba,42
600d45e8,FUN_600d45e8,36
600d460c,FUN_600d460c,70
600d4652,FUN_600d4652,18
600d4664,FUN_600d4664,274
600d4694,thunk_FUN_6005e6e8,4
600d4698,FUN_600d4698,6
600d469e,FUN_600d469e,48
600d46ce,FUN_600d46ce,48
600d46fe,FUN_600d46fe,38
600d4724,FUN_600d4724,46
600d4752,FUN_600d4752,32
600d4772,FUN_600d4772,18
600d478e,FUN_600d478e,38
600d47b4,FUN_600d47b4,4
600d47c4,FUN_600d47c4,140
600d487c,FUN_600d487c,72
600d48c4,FUN_600d48c4,20
600d48d8,FUN_600d48d8,42
600d4902,flash_lut__600d4902,474
600d4946,FUN_600d4946,50
600d4998,thunk_EXT_FUN_00007ddc,4
600d499c,FUN_600d499c,32
600d49a6,FUN_600d49a6,10
600d49b0,FUN_600d49b0,10
600d49ba,FUN_600d49ba,10
600d49c4,FUN_600d49c4,14
600d49ce,FUN_600d49ce,10
600d49d8,FUN_600d49d8,10
600d49e2,FUN_600d49e2,2
600d49e4,FUN_600d49e4,24
600d49fc,FUN_600d49fc,126
600d4a7e,FUN_600d4a7e,92
600d4ada,FUN_600d4ada,78
600d4b28,FUN_600d4b28,80
600d4b78,FUN_600d4b78,194
600d4c3a,FUN_600d4c3a,116
600d4cae,FUN_600d4cae,128
600d4d2e,FUN_600d4d2e,40
600d4d56,FUN_600d4d56,12
600d4d62,FUN_600d4d62,54
600d4d98,FUN_600d4d98,42
600d4dc2,FUN_600d4dc2,38
600d4dec,thunk_FUN_60060a88,4
600d4df0,FUN_600d4df0,92
600d4e4c,FUN_600d4e4c,6
600d4e64,FUN_600d4e64,34
600d4e86,FUN_600d4e86,22
600d4ea6,FUN_600d4ea6,14
600d4eb4,FUN_600d4eb4,20
600d4ec8,FUN_600d4ec8,16
600d4f6c,FUN_600d4f6c,24
600d4f84,FUN_600d4f84,20
600d4f98,FUN_600d4f98,24
600d4fc4,FUN_600d4fc4,56
600d500c,FUN_600d500c,54
600d5052,FUN_600d5052,20
600d5066,FUN_600d5066,88
600d50be,FUN_600d50be,100
600d5122,FUN_600d5122,12
600d512e,FUN_600d512e,34
600d5150,FUN_600d5150,44
600d517c,FUN_600d517c,70
600d51c2,FUN_600d51c2,46
600d51f4,FUN_600d51f4,2
600d521e,FUN_600d521e,34
600d5240,FUN_600d5240,18
600d5252,FUN_600d5252,50
600d5284,FUN_600d5284,52
600d52b8,FUN_600d52b8,12
600d52c4,FUN_600d52c4,28
600d52da,FUN_600d52da,22
600d52f0,FUN_600d52f0,104
600d5358,FUN_600d5358,12
600d5364,FUN_600d5364,6
600d536a,FUN_600d536a,28
600d5386,FUN_600d5386,40
600d53ae,FUN_600d53ae,22
600d543c,FUN_600d543c,26
600d5456,FUN_600d5456,20
600d5494,FUN_600d5494,44
600d54a6,FUN_600d54a6,44
600d54b8,FUN_600d54b8,44
600d54ca,FUN_600d54ca,44
600d54dc,FUN_600d54dc,44
600d54f2,FUN_600d54f2,32
600d5512,FUN_600d5512,74
600d5528,FUN_600d5528,32
600d5548,FUN_600d5548,26
600d555e,FUN_600d555e,26
600d5592,FUN_600d5592,38
600d55b8,FUN_600d55b8,38
600d55e2,FUN_600d55e2,24
600d55fa,FUN_600d55fa,60
600d5636,FUN_600d5636,6
600d566c,FUN_600d566c,66
600d56ae,usb_host_worker__600d56ae,64
600d56b8,FUN_600d56b8,54
600d571c,FUN_600d571c,14
600d572a,FUN_600d572a,68
600d576e,FUN_600d576e,68
600d57ba,FUN_600d57ba,26
600d57d4,FUN_600d57d4,84
600d5828,FUN_600d5828,8
600d5830,FUN_600d5830,68
600d5874,FUN_600d5874,30
600d5892,FUN_600d5892,26
600d58ac,FUN_600d58ac,226
600d598e,FUN_600d598e,226
600d5ae0,FUN_600d5ae0,20
600d5af4,FUN_600d5af4,42
600d5b1e,FUN_600d5b1e,38
600d5b44,FUN_600d5b44,60
600d5b80,FUN_600d5b80,26
600d5b9a,FUN_600d5b9a,22
600d5bb6,FUN_600d5bb6,16
600d5bc6,FUN_600d5bc6,4
600d5bca,FUN_600d5bca,8
600d5bd2,FUN_600d5bd2,20
600d5be6,FUN_600d5be6,30
600d5c16,FUN_600d5c16,24
600d5c1c,FUN_600d5c1c,32
600d5c3c,FUN_600d5c3c,46
600d5c6a,FUN_600d5c6a,6
600d5c70,FUN_600d5c70,32
600d5c90,FUN_600d5c90,46
600d5cbe,FUN_600d5cbe,6
600d5cc4,FUN_600d5cc4,6
600d5cca,FUN_600d5cca,50
600d5cfc,FUN_600d5cfc,6
600d5d02,FUN_600d5d02,6
600d5d08,FUN_600d5d08,170
600d5dc4,FUN_600d5dc4,80
600d5e14,FUN_600d5e14,16
600d5e24,FUN_600d5e24,38
600d5e4a,FUN_600d5e4a,34
600d5e6c,FUN_600d5e6c,122
600d5ee6,FUN_600d5ee6,152
600d5f7e,FUN_600d5f7e,68
600d5fc2,FUN_600d5fc2,16
600d5fd2,FUN_600d5fd2,56
600d600a,FUN_600d600a,30
600d6028,FUN_600d6028,42
600d6052,FUN_600d6052,34
600d6074,FUN_600d6074,140
600d6100,FUN_600d6100,74
600d614a,FUN_600d614a,126
600d61c8,FUN_600d61c8,142
600d6256,FUN_600d6256,162
600d62f8,FUN_600d62f8,188
600d63b4,FUN_600d63b4,138
600d643e,FUN_600d643e,34
600d6460,FUN_600d6460,232
600d654c,FUN_600d654c,60
600d6588,FUN_600d6588,138
600d6612,FUN_600d6612,34
600d6634,FUN_600d6634,36
600d6658,FUN_600d6658,26
600d6672,FUN_600d6672,38
600d6698,FUN_600d6698,136
600d6720,FUN_600d6720,48
600d6750,FUN_600d6750,152
600d67e8,FUN_600d67e8,126
600d6866,FUN_600d6866,80
600d68ba,FUN_600d68ba,14
600d68fe,FUN_600d68fe,10
600d6946,FUN_600d6946,16
600d6956,FUN_600d6956,14
600d6964,FUN_600d6964,40
600d698c,FUN_600d698c,68
600d69de,FUN_600d69de,26
600d69f8,FUN_600d69f8,68
600d6a54,FUN_600d6a54,26
600d6a6e,FUN_600d6a6e,142
600d6ac6,FUN_600d6ac6,226
600d6ba8,FUN_600d6ba8,64
600d6be8,FUN_600d6be8,22
600d6bfe,FUN_600d6bfe,20
600d6c16,FUN_600d6c16,22
600d6c2c,FUN_600d6c2c,22
600d6c42,FUN_600d6c42,38
600d6c68,FUN_600d6c68,14
600d6c76,FUN_600d6c76,58
600d6cca,FUN_600d6cca,46
600d6cf8,FUN_600d6cf8,50
600d6d2a,FUN_600d6d2a,82
600d6d8e,FUN_600d6d8e,8
600d6d96,FUN_600d6d96,34
600d6db8,FUN_600d6db8,34
600d6dda,FUN_600d6dda,58
600d6e14,FUN_600d6e14,40
600d6e3c,FUN_600d6e3c,38
600d6e62,FUN_600d6e62,24
600d6e7a,FUN_600d6e7a,46
600d6ea8,FUN_600d6ea8,34
600d6eca,FUN_600d6eca,90
600d6f24,FUN_600d6f24,90
600d6f7e,FUN_600d6f7e,90
600d6fd8,FUN_600d6fd8,90
600d7032,FUN_600d7032,90
600d708c,FUN_600d708c,90
600d70e6,FUN_600d70e6,90
600d7140,FUN_600d7140,34
600d7162,FUN_600d7162,34
600d7184,FUN_600d7184,34
600d71a6,FUN_600d71a6,34
600d71c8,FUN_600d71c8,34
600d71ea,FUN_600d71ea,34
600d720c,FUN_600d720c,34
600d722e,FUN_600d722e,34
600d7250,FUN_600d7250,34
600d7272,FUN_600d7272,16
600d7282,FUN_600d7282,54
600d72b8,FUN_600d72b8,52
600d72ec,FUN_600d72ec,66
600d732e,FUN_600d732e,62
600d736c,FUN_600d736c,34
600d738e,FUN_600d738e,30
600d73ac,FUN_600d73ac,148
600d7440,FUN_600d7440,112
600d74b0,FUN_600d74b0,30
600d74ce,FUN_600d74ce,30
600d7ad6,FUN_600d7ad6,26
600d7af0,FUN_600d7af0,12
600d7cc4,FUN_600d7cc4,24
600d7cdc,FUN_600d7cdc,64
600d7d1c,FUN_600d7d1c,44
600d7d48,thunk_FUN_600d7cdc,4
600d7d4c,thunk_FUN_600d7cdc,4
600d7d50,FUN_600d7d50,28
600d7d6c,FUN_600d7d6c,22
600d7d82,FUN_600d7d82,26
600d7d9c,FUN_600d7d9c,58
600d7dd6,FUN_600d7dd6,38
600d7dfc,FUN_600d7dfc,44
600d7e42,FUN_600d7e42,20
600d7e56,FUN_600d7e56,80
600d7eae,FUN_600d7eae,14
600d7ebc,FUN_600d7ebc,162
600d7f60,FUN_600d7f60,126
600d7fde,FUN_600d7fde,14
600d7fec,FUN_600d7fec,34
600d800e,FUN_600d800e,6
600d8014,FUN_600d8014,4
600d8018,FUN_600d8018,4
600d801c,FUN_600d801c,34
600d803e,FUN_600d803e,20
600d8052,FUN_600d8052,60
600d808e,FUN_600d808e,66
600d80d0,FUN_600d80d0,36
600d80f4,FUN_600d80f4,260
600d81f8,FUN_600d81f8,46
600d8226,FUN_600d8226,50
600d8258,FUN_600d8258,14
600d8266,FUN_600d8266,14
600d8274,FUN_600d8274,14
600d8282,FUN_600d8282,36
600d82a6,FUN_600d82a6,26
600d82c0,FUN_600d82c0,24
600d82d8,FUN_600d82d8,30
600d82f6,FUN_600d82f6,44
600d8322,FUN_600d8322,60
600d835e,FUN_600d835e,44
600d838a,FUN_600d838a,50
600d83bc,FUN_600d83bc,36
600d83e0,FUN_600d83e0,104
600d8448,FUN_600d8448,52
600d847c,FUN_600d847c,82
600d84ce,FUN_600d84ce,36
600d84f2,FUN_600d84f2,38
600d8518,FUN_600d8518,70
600d855e,FUN_600d855e,216
600d8636,FUN_600d8636,52
600d866a,FUN_600d866a,80
600d86ba,FUN_600d86ba,104
600d8722,FUN_600d8722,86
600d8778,FUN_600d8778,72
600d87c0,FUN_600d87c0,52
600d87f4,FUN_600d87f4,158
600d8892,FUN_600d8892,34
600d88b4,FUN_600d88b4,34
600d88d6,FUN_600d88d6,30
600d88f4,FUN_600d88f4,24
600d890c,FUN_600d890c,20
600d8920,FUN_600d8920,34
600d8942,thunk_FUN_600af1d8,4
600d8946,FUN_600d8946,42
600d8970,FUN_600d8970,36
600d8994,FUN_600d8994,18
600d89a6,FUN_600d89a6,70
600d89ec,adapter__600d89ec,746
600d8a12,FUN_600d8a12,6
600d8a18,FUN_600d8a18,14
600d8a26,FUN_600d8a26,14
600d8a62,FUN_600d8a62,12
600d8a6e,FUN_600d8a6e,12
600d8a7a,FUN_600d8a7a,76
600d8ac6,FUN_600d8ac6,34
600d8ae8,FUN_600d8ae8,82
600d8b3a,FUN_600d8b3a,50
600d8b6c,FUN_600d8b6c,50
600d8b9e,FUN_600d8b9e,76
600d8bea,FUN_600d8bea,32
600d8c0a,FUN_600d8c0a,16
600d8c1a,FUN_600d8c1a,36
600d8c3e,FUN_600d8c3e,60
600d8c7a,FUN_600d8c7a,224
600d8d5a,FUN_600d8d5a,88
600d8db2,FUN_600d8db2,30
600d8dd0,FUN_600d8dd0,34
600d8df2,FUN_600d8df2,58
600d8e2c,FUN_600d8e2c,64
600d8e6c,FUN_600d8e6c,104
600d8ed4,FUN_600d8ed4,80
600d8f24,FUN_600d8f24,64
600d8f64,FUN_600d8f64,58
600d8f9e,FUN_600d8f9e,8
600d8fa6,FUN_600d8fa6,44
600d8fd2,FUN_600d8fd2,108
600d903e,FUN_600d903e,56
600d9076,FUN_600d9076,24
600d908e,FUN_600d908e,60
600d909c,thunk_FUN_6006be9c,4
600d90a0,thunk_FUN_6006be9c,4
600d90a4,thunk_FUN_6006be9c,4
600d90a8,thunk_FUN_6006be9c,4
600d90ac,thunk_FUN_6006be9c,4
600d90b6,FUN_600d90b6,38
600d9170,FUN_600d9170,2
600d9172,FUN_600d9172,2
600d9174,FUN_600d9174,2
600d9176,FUN_600d9176,198
600d9186,FUN_600d9186,96
600d918c,thunk_FUN_6006c4bc,4
600d9190,thunk_FUN_6006ce40,4
600d9194,thunk_FUN_6006c594,4
600d9198,FUN_600d9198,72
600d91bc,FUN_600d91bc,70
600d9202,FUN_600d9202,80
600d922e,FUN_600d922e,2
600d9230,FUN_600d9230,6
600d9236,thunk_FUN_6006d02c,4
600d923a,thunk_FUN_6006d1ac,4
600d923e,thunk_FUN_6006d9cc,4
600d9242,thunk_FUN_6006d9f0,4
600d9246,FUN_600d9246,10
600d9250,FUN_600d9250,64
600d9290,FUN_600d9290,104
600d92f8,FUN_600d92f8,4
600d92fc,FUN_600d92fc,10
600d9306,FUN_600d9306,10
600d9310,FUN_600d9310,10
600d931a,FUN_600d931a,16
600d932a,FUN_600d932a,74
600d9374,thunk_EXT_FUN_0000714c,4
600d9378,thunk_EXT_FUN_00007d64,4
600d937c,thunk_EXT_FUN_00007dac,4
600d9380,FUN_600d9380,10
600d938a,thunk_EXT_FUN_00007dac,4
600d938e,thunk_EXT_FUN_00007d64,4
600d9392,thunk_EXT_FUN_00007f58,4
600d93a8,FUN_600d93a8,58
600d93e2,FUN_600d93e2,10
600d93ec,FUN_600d93ec,40
600d9414,FUN_600d9414,172
600d94c0,thunk_FUN_6006f088,4
600d94c4,FUN_600d94c4,36
600d94e8,mpu__600cb030,4
600d94ee,FUN_600d94ee,14
600d94fc,FUN_600d94fc,30
600d951c,FUN_600d951c,40
600d9544,FUN_600d9544,14
600d955a,FUN_600d955a,14
600d956a,FUN_600d956a,40
600d9592,FUN_600d9592,14
600d95b2,FUN_600d95b2,14
600d95c0,FUN_600d95c0,14
600d95d0,FUN_600d95d0,14
600d95de,FUN_600d95de,102
600d9644,FUN_600d9644,112
600d96b4,FUN_600d96b4,24
600d96cc,FUN_600d96cc,16
600d96dc,FUN_600d96dc,12
600d96e8,FUN_600d96e8,12
600d96f4,FUN_600d96f4,12
600d9700,FUN_600d9700,154
600d97a6,FUN_600d97a6,14
600d97b6,FUN_600d97b6,14
600d97c4,FUN_600d97c4,102
600d9832,FUN_600d9832,14
600d9840,FUN_600d9840,14
600d9850,FUN_600d9850,46
600d987e,FUN_600d987e,14
600d988c,FUN_600d988c,102
600d9910,FUN_600d9910,14
600d9926,FUN_600d9926,14
600d9934,FUN_600d9934,40
600d995c,FUN_600d995c,44
600d9988,FUN_600d9988,36
600d99ac,FUN_600d99ac,4
600d99d2,FUN_600d99d2,6
600d99ee,FUN_600d99ee,2
600d99f2,FUN_600d99f2,14
600d9a00,FUN_600d9a00,38
600d9a26,FUN_600d9a26,48
600d9a56,FUN_600d9a56,8
600d9a5e,FUN_600d9a5e,66
600d9ab2,FUN_600d9ab2,18
600d9ae2,FUN_600d9ae2,100
600d9b4c,FUN_600d9b4c,16
600d9b5c,FUN_600d9b5c,16
600d9b6c,FUN_600d9b6c,16
600d9b7c,FUN_600d9b7c,18
600d9b8e,FUN_600d9b8e,56
600d9bc6,FUN_600d9bc6,68
600d9c0a,FUN_600d9c0a,112
600d9c7a,FUN_600d9c7a,24
600d9c92,FUN_600d9c92,50
600d9cc4,FUN_600d9cc4,152
600d9e28,FUN_600d9e28,64
600d9eee,FUN_600d9eee,64
600d9f4e,FUN_600d9f4e,14
600d9f5c,FUN_600d9f5c,14
600d9f6a,FUN_600d9f6a,14
600d9fbe,FUN_600d9fbe,68
600da0d8,FUN_600da0d8,26
600da0f2,FUN_600da0f2,280
600da230,FUN_600da230,26
600da24a,FUN_600da24a,270
600da358,FUN_600da358,52
600da394,FUN_600da394,20
600da3a8,FUN_600da3a8,20
600da3bc,FUN_600da3bc,20
600da3d0,FUN_600da3d0,20
600da3e4,FUN_600da3e4,20
600da3f8,FUN_600da3f8,20
600da40c,FUN_600da40c,24
600da424,FUN_600da424,40
600da44c,FUN_600da44c,20
600da460,FUN_600da460,24
600da478,FUN_600da478,18
600da48a,FUN_600da48a,34
600da4ac,FUN_600da4ac,54
600da4e2,FUN_600da4e2,26
600da4fc,FUN_600da4fc,26
600da58a,FUN_600da58a,6
600da590,FUN_600da590,6
600da596,FUN_600da596,20
600da62e,FUN_600da62e,64
600da67e,FUN_600da67e,30
600da6da,FUN_600da6da,68
600da766,FUN_600da766,22
600da77c,FUN_600da77c,52
600da7b0,FUN_600da7b0,14
600da7be,FUN_600da7be,62
600da7fc,FUN_600da7fc,20
600da810,FUN_600da810,20
600da824,FUN_600da824,26
600da83e,FUN_600da83e,270
600da952,FUN_600da952,2
600da9ba,FUN_600da9ba,68
600da9fe,FUN_600da9fe,68
600daa60,FUN_600daa60,40
600daa88,FUN_600daa88,30
600daaa6,FUN_600daaa6,32
600daac6,FUN_600daac6,26
600daae0,FUN_600daae0,226
600dabc2,FUN_600dabc2,62
600dac00,FUN_600dac00,22
600dac16,FUN_600dac16,20
600dac3c,FUN_600dac3c,22
600dac52,FUN_600dac52,22
600dac68,FUN_600dac68,34
600dac8a,FUN_600dac8a,10
600dac94,FUN_600dac94,48
600dacc4,FUN_600dacc4,50
600dacf6,FUN_600dacf6,24
600dad0e,FUN_600dad0e,24
600dad26,FUN_600dad26,132
600dadaa,FUN_600dadaa,50
600daddc,FUN_600daddc,34
600dadfe,FUN_600dadfe,30
600dae1c,FUN_600dae1c,164
600daec0,FUN_600daec0,42
600daeea,FUN_600daeea,80
600daf3a,FUN_600daf3a,100
600daf9e,FUN_600daf9e,100
600db002,FUN_600db002,18
600db056,FUN_600db056,76
600db0a2,FUN_600db0a2,14
600db0b0,FUN_600db0b0,14
600db0be,FUN_600db0be,24
600db11a,FUN_600db11a,34
600db14c,FUN_600db14c,60
600db188,FUN_600db188,40
600db1b0,FUN_600db1b0,62
600db1ee,FUN_600db1ee,88
600db28e,FUN_600db28e,18
600db2be,FUN_600db2be,52
600db2fc,FUN_600db2fc,14
600db30a,FUN_600db30a,34
600db32c,FUN_600db32c,34
600db34e,FUN_600db34e,30
600db36c,FUN_600db36c,40
600db394,FUN_600db394,14
600db3a2,FUN_600db3a2,20
600db3b6,FUN_600db3b6,38
600db3dc,FUN_600db3dc,14
600db3ea,FUN_600db3ea,30
600db408,FUN_600db408,54
600db43e,FUN_600db43e,300
600db56a,FUN_600db56a,62
600db5a8,FUN_600db5a8,108
600db61c,FUN_600db61c,38
600db642,FUN_600db642,58
600db67c,FUN_600db67c,20
600db690,FUN_600db690,98
600db6f2,FUN_600db6f2,34
600db714,FUN_600db714,28
600db730,FUN_600db730,208
600db800,FUN_600db800,30
600db830,FUN_600db830,14
600db846,FUN_600db846,14
600db870,FUN_600db870,16
600db880,FUN_600db880,14
600db896,FUN_600db896,34
600db8b8,FUN_600db8b8,32
600db8d8,FUN_600db8d8,16
600db8e8,FUN_600db8e8,8
600db8f0,FUN_600db8f0,18
600db902,FUN_600db902,124
600db97e,FUN_600db97e,62
600db9bc,FUN_600db9bc,24
600db9dc,FUN_600db9dc,22
600db9fa,FUN_600db9fa,42
600dba24,FUN_600dba24,70
600dba6a,FUN_600dba6a,250
600dbb64,FUN_600dbb64,50
600dbb96,FUN_600dbb96,58
600dbbd0,FUN_600dbbd0,244
600dbcec,FUN_600dbcec,14
600dbd22,FUN_600dbd22,22
600dbd46,FUN_600dbd46,22
600dbd64,FUN_600dbd64,66
600dbda6,FUN_600dbda6,250
600dbea0,FUN_600dbea0,66
600dbf0a,FUN_600dbf0a,14
600dbf20,FUN_600dbf20,28
600dbf72,FUN_600dbf72,72
600dbfba,FUN_600dbfba,50
600dbfec,FUN_600dbfec,8
600dbff4,FUN_600dbff4,28
600dc010,FUN_600dc010,16
600dc020,FUN_600dc020,34
600dc042,FUN_600dc042,142
600dc124,FUN_600dc124,28
600dc140,FUN_600dc140,94
600dc19e,FUN_600dc19e,34
600dc1c0,FUN_600dc1c0,50
600dc1f2,FUN_600dc1f2,36
600dc216,FUN_600dc216,50
600dc248,FUN_600dc248,22
600dc25e,FUN_600dc25e,52
600dc292,FUN_600dc292,124
600dc30e,FUN_600dc30e,100
600dc372,FUN_600dc372,28
600dc38e,FUN_600dc38e,248
600dc486,FUN_600dc486,80
600dc4d6,FUN_600dc4d6,60
600dc512,FUN_600dc512,92
600dc56e,FUN_600dc56e,54
600dc5a4,FUN_600dc5a4,22
600dc5ba,FUN_600dc5ba,36
600dc5de,FUN_600dc5de,16
600dc5ee,FUN_600dc5ee,110
600dc65c,FUN_600dc65c,38
600dc682,FUN_600dc682,96
600dc6e2,FUN_600dc6e2,48
600dc712,FUN_600dc712,8
600dc71a,FUN_600dc71a,34
600dc73c,FUN_600dc73c,18
600dc74e,FUN_600dc74e,30
600dc76c,FUN_600dc76c,74
600dc7b6,FUN_600dc7b6,270
600dc8c4,FUN_600dc8c4,48
600dc8f4,FUN_600dc8f4,2
600dc8f6,FUN_600dc8f6,162
600dc998,FUN_600dc998,38
600dc9be,FUN_600dc9be,2
600dc9c0,FUN_600dc9c0,184
600dca78,FUN_600dca78,2
600dca7a,FUN_600dca7a,30
600dca98,FUN_600dca98,150
600dcb2e,FUN_600dcb2e,26
600dcb48,FUN_600dcb48,2
600dcb4a,FUN_600dcb4a,10
600dcb54,FUN_600dcb54,74
600dcb9e,FUN_600dcb9e,24
600dcbb6,FUN_600dcbb6,66
600dcbf8,FUN_600dcbf8,24
600dcc10,FUN_600dcc10,70
600dcc56,FUN_600dcc56,68
600dcc9a,FUN_600dcc9a,130
600dcd1c,FUN_600dcd1c,28
600dcd38,FUN_600dcd38,14
600dcd46,FUN_600dcd46,582
600dcf8c,FUN_600dcf8c,984
600dd364,FUN_600dd364,282
600dd5a0,FUN_600dd5a0,188
600dd65c,FUN_600dd65c,2
600dd65e,FUN_600dd65e,2
600dd6a0,FUN_600dd6a0,50
600dd6d2,FUN_600dd6d2,36
600dd6f6,FUN_600dd6f6,152
600dd78e,FUN_600dd78e,60
600dd7ca,FUN_600dd7ca,50
600dd7fc,FUN_600dd7fc,22
600dd812,FUN_600dd812,16
600dd822,FUN_600dd822,10
600dd82c,FUN_600dd82c,16
600dd83c,FUN_600dd83c,182
600dd8f2,FUN_600dd8f2,70
600dd938,FUN_600dd938,86
600dd98e,FUN_600dd98e,44
600dd9ba,FUN_600dd9ba,320
600ddafa,FUN_600ddafa,48
600ddb2a,FUN_600ddb2a,24
600ddb42,FUN_600ddb42,2
600ddb44,FUN_600ddb44,74
600ddb8e,FUN_600ddb8e,20
600ddba2,FUN_600ddba2,2
600ddba4,FUN_600ddba4,32
600ddbc4,FUN_600ddbc4,132
600ddc48,FUN_600ddc48,88
600ddca0,FUN_600ddca0,36
600ddcc4,FUN_600ddcc4,206
600ddd92,FUN_600ddd92,120
600dde0a,FUN_600dde0a,2
600dde0c,FUN_600dde0c,50
600dde3e,FUN_600dde3e,22
600dde54,FUN_600dde54,102
600ddeba,FUN_600ddeba,46
600ddee8,FUN_600ddee8,16
600ddef8,FUN_600ddef8,20
600ddf0c,FUN_600ddf0c,210
600ddfde,FUN_600ddfde,194
600de0a0,FUN_600de0a0,36
600de0c4,FUN_600de0c4,26
600de0de,FUN_600de0de,134
600de164,FUN_600de164,20
600de178,FUN_600de178,12
600de184,FUN_600de184,38
600de1aa,FUN_600de1aa,20
600de1be,FUN_600de1be,184
600de276,FUN_600de276,18
600de288,FUN_600de288,26
600de2a2,FUN_600de2a2,178
600de354,FUN_600de354,34
600de376,FUN_600de376,30
600de394,FUN_600de394,32
600de3b4,FUN_600de3b4,42
600de3de,FUN_600de3de,34
600de400,FUN_600de400,78
600de44e,FUN_600de44e,12
600de45a,FUN_600de45a,20
600de46e,FUN_600de46e,14
600de47c,FUN_600de47c,22
600de492,FUN_600de492,18
600de4a4,FUN_600de4a4,16
600de4b4,FUN_600de4b4,44
600de4e0,FUN_600de4e0,84
600de534,FUN_600de534,22
600de54a,FUN_600de54a,56
600de582,FUN_600de582,244
600de676,FUN_600de676,20
600de68a,FUN_600de68a,16
600de69a,FUN_600de69a,16
600de6aa,FUN_600de6aa,38
600de6e8,FUN_600de6e8,22
600de6fe,FUN_600de6fe,104
600de766,FUN_600de766,20
600de77a,FUN_600de77a,2
600de77c,FUN_600de77c,186
600de836,FUN_600de836,36
600de85a,FUN_600de85a,94
600de8b8,FUN_600de8b8,16
600de8c8,FUN_600de8c8,14
600de8d6,FUN_600de8d6,2
600de8d8,FUN_600de8d8,182
600de98e,FUN_600de98e,62
600de9cc,FUN_600de9cc,8
600de9d4,FUN_600de9d4,102
600dea3a,FUN_600dea3a,10
600dea4e,FUN_600dea4e,50
600deaae,FUN_600deaae,14
600deac0,FUN_600deac0,22
600dead6,FUN_600dead6,20
600deaea,FUN_600deaea,80
600deb3a,FUN_600deb3a,16
600deb50,FUN_600deb50,14
600deb62,FUN_600deb62,54
600deb98,FUN_600deb98,22
600debb4,FUN_600debb4,20
600debc8,FUN_600debc8,268
600decd4,FUN_600decd4,14
600dece2,FUN_600dece2,22
600decf8,FUN_600decf8,30
600ded7e,FUN_600ded7e,46
600dee00,FUN_600dee00,40
600dee28,FUN_600dee28,152
600deecc,FUN_600deecc,72
600def14,FUN_600def14,60
600def50,FUN_600def50,48
600def9c,FUN_600def9c,68
600defe0,FUN_600defe0,52
600df014,FUN_600df014,44
600df072,FUN_600df072,78
600df0c0,FUN_600df0c0,48
600df0f0,FUN_600df0f0,196
600df1f0,FUN_600df1f0,40
600df218,FUN_600df218,12
600df224,FUN_600df224,40
600df264,state_machine__600df264,604
600df286,FUN_600df286,32
600df2a6,FUN_600df2a6,32
600df2c6,FUN_600df2c6,2
600df2ce,FUN_600df2ce,22
600df2e4,FUN_600df2e4,14
600df2f6,FUN_600df2f6,22
600df30c,FUN_600df30c,90
600df366,FUN_600df366,14
600df38e,FUN_600df38e,26
600df3a8,FUN_600df3a8,48
600df3d8,FUN_600df3d8,136
600df478,FUN_600df478,34
600df4b0,FUN_600df4b0,6
600df4b6,FUN_600df4b6,10
600df4c0,thunk_FUN_600df4b0,4
600df4c4,FUN_600df4c4,40
600df4ec,thunk_FUN_60081500,4
600df4f0,thunk_FUN_60081668,4
600df610,FUN_600df610,28
600df62c,FUN_600df62c,20
600df64c,FUN_600df64c,14
600df65a,FUN_600df65a,26
600df674,FUN_600df674,152
600df70c,FUN_600df70c,82
600df7f0,FUN_600df7f0,32
600df810,FUN_600df810,104
600df878,FUN_600df878,40
600df8a0,FUN_600df8a0,32
600df8fa,FUN_600df8fa,30
600df918,FUN_600df918,170
600df9c2,FUN_600df9c2,34
600df9e4,FUN_600df9e4,6
600df9ea,FUN_600df9ea,52
600dfa1e,FUN_600dfa1e,36
600dfa42,FUN_600dfa42,30
600dfa60,FUN_600dfa60,62
600dfadc,FUN_600dfadc,36
600dfb00,FUN_600dfb00,126
600dfb7e,FUN_600dfb7e,46
600dfbac,FUN_600dfbac,102
600dfc22,FUN_600dfc22,14
600dfc30,FUN_600dfc30,38
600dfc68,FUN_600dfc68,22
600dfc7e,FUN_600dfc7e,34
600dfca0,FUN_600dfca0,40
600dfcf2,FUN_600dfcf2,50
600dfd24,FUN_600dfd24,70
600dfd6a,FUN_600dfd6a,20
600dfd7e,FUN_600dfd7e,48
600dfe3e,FUN_600dfe3e,48
600dfe6e,FUN_600dfe6e,48
600dfe9e,FUN_600dfe9e,134
600dff24,FUN_600dff24,24
600dff3c,FUN_600dff3c,24
600dff54,FUN_600dff54,34
600dff76,FUN_600dff76,34
600dff98,FUN_600dff98,40
600dffc0,FUN_600dffc0,40
600dffe8,FUN_600dffe8,70
600e002e,FUN_600e002e,92
600e008a,FUN_600e008a,64
600e00ca,FUN_600e00ca,234
600e01b4,FUN_600e01b4,142
600e0242,FUN_600e0242,50
600e0274,FUN_600e0274,26
600e028e,FUN_600e028e,10
600e0298,FUN_600e0298,16
600e02a8,FUN_600e02a8,6
600e02ae,FUN_600e02ae,34
600e02d0,FUN_600e02d0,6
600e02d6,FUN_600e02d6,6
600e02dc,FUN_600e02dc,6
600e02e2,FUN_600e02e2,6
600e02e8,FUN_600e02e8,6
600e02ee,FUN_600e02ee,6
600e02f4,FUN_600e02f4,4
600e02f8,FUN_600e02f8,4
600e02fc,FUN_600e02fc,4
600e0300,FUN_600e0300,4
600e0304,FUN_600e0304,340
600e049a,FUN_600e049a,46
600e04c8,FUN_600e04c8,44
600e04f4,FUN_600e04f4,46
600e0522,FUN_600e0522,24
600e053a,FUN_600e053a,24
600e0552,FUN_600e0552,106
600e05bc,FUN_600e05bc,144
600e064c,FUN_600e064c,52
600e0680,FUN_600e0680,22
600e0696,FUN_600e0696,30
600e06b4,FUN_600e06b4,10
600e06be,FUN_600e06be,18
600e06e6,FUN_600e06e6,8
600e06ee,FUN_600e06ee,30
600e06f6,FUN_600e06f6,10
600e080c,FUN_600e080c,22
600e0822,FUN_600e0822,32
600e084e,FUN_600e084e,58
600e0890,FUN_600e0890,16
600e0904,FUN_600e0904,16
600e0914,FUN_600e0914,20
600e0928,thunk_EXT_FUN_00008844,4
600e092c,FUN_600e092c,18
600e093e,FUN_600e093e,56
600e0976,FUN_600e0976,26
600e0990,FUN_600e0990,38
600e09c2,FUN_600e09c2,26
600e09dc,thunk_FUN_600cdd6c,4
600e09e0,FUN_600e09e0,48
600e0a14,FUN_600e0a14,46
600e0a54,FUN_600e0a54,28
600e0a70,FUN_600e0a70,60
600e0aac,FUN_600e0aac,6
600e0ab2,FUN_600e0ab2,6
600e0ab8,FUN_600e0ab8,20
600e0acc,FUN_600e0acc,22
600e0ae2,FUN_600e0ae2,24
600e0afa,FUN_600e0afa,46
600e0be8,FUN_600e0be8,6
600e0bee,FUN_600e0bee,16
600e0bfe,FUN_600e0bfe,76
600e0c4a,FUN_600e0c4a,16
600e0c5a,FUN_600e0c5a,14
600e0c68,thunk_FUN_600e0c5a,4
600e0c6c,FUN_600e0c6c,14
600e0c7a,thunk_FUN_600e0c6c,4
600e0c7e,thunk_FUN_600ee0c8,4
600e0c82,FUN_600e0c82,14
600e0c90,thunk_FUN_600e0c82,4
600e0c94,FUN_600e0c94,14
600e0ca2,thunk_FUN_600e0c94,4
600e0ca6,FUN_600e0ca6,6
600e0cac,FUN_600e0cac,56
600e0ce4,FUN_600e0ce4,38
600e0d54,FUN_600e0d54,38
600e0e02,FUN_600e0e02,1190
600e12a8,FUN_600e12a8,1160
600e1730,FUN_600e1730,156
600e17cc,FUN_600e17cc,100
600e1830,FUN_600e1830,158
600e18ce,FUN_600e18ce,286
600e19ec,FUN_600e19ec,38
600e1a12,FUN_600e1a12,328
600e1b5a,FUN_600e1b5a,146
600e1bec,FUN_600e1bec,20
600e1c00,FUN_600e1c00,8
600e1c08,FUN_600e1c08,20
600e1c1c,FUN_600e1c1c,44
600e1c48,FUN_600e1c48,74
600e1c92,FUN_600e1c92,66
600e1cd4,FUN_600e1cd4,158
600e1d72,FUN_600e1d72,108
600e1dde,FUN_600e1dde,118
600e1e54,FUN_600e1e54,10
600e1e5e,FUN_600e1e5e,28
600e1e7a,FUN_600e1e7a,584
600e20c2,FUN_600e20c2,100
600e2126,FUN_600e2126,50
600e2158,FUN_600e2158,50
600e218a,FUN_600e218a,16
600e219a,FUN_600e219a,16
600e21aa,FUN_600e21aa,248
600e22a2,FUN_600e22a2,76
600e22ee,FUN_600e22ee,20
600e2308,FUN_600e2308,14
600e2316,FUN_600e2316,5748
600e398a,FUN_600e398a,6270
600e5208,FUN_600e5208,642
600e548a,FUN_600e548a,474
600e5664,FUN_600e5664,394
600e57ee,FUN_600e57ee,2998
600e63a4,FUN_600e63a4,150
600e643a,FUN_600e643a,208
600e650a,FUN_600e650a,32
600e652a,FUN_600e652a,20
600e653e,FUN_600e653e,148
600e65d2,FUN_600e65d2,236
600e66be,FUN_600e66be,494
600e68ac,FUN_600e68ac,146
600e693e,FUN_600e693e,88
600e6996,FUN_600e6996,22
600e69ac,FUN_600e69ac,22
600e69c2,FUN_600e69c2,88
600e6a1a,FUN_600e6a1a,8
600e6a22,FUN_600e6a22,40
600e6a52,FUN_600e6a52,26
600e6a6c,FUN_600e6a6c,36
600e6a90,FUN_600e6a90,24
600e6aa8,FUN_600e6aa8,26
600e6ac2,FUN_600e6ac2,48
600e6af2,FUN_600e6af2,72
600e6b3a,FUN_600e6b3a,138
600e6bc4,FUN_600e6bc4,38
600e6bea,FUN_600e6bea,158
600e6c88,FUN_600e6c88,68
600e6ccc,FUN_600e6ccc,38
600e6cf2,FUN_600e6cf2,210
600e6dfe,FUN_600e6dfe,40
600e6e26,FUN_600e6e26,174
600e6edc,FUN_600e6edc,158
600e6f7a,FUN_600e6f7a,262
600e70ba,FUN_600e70ba,40
600e70e2,FUN_600e70e2,312
600e721a,FUN_600e721a,8
600e7222,FUN_600e7222,24
600e723a,FUN_600e723a,60
600e7276,FUN_600e7276,92
600e72d2,FUN_600e72d2,32
600e72f2,FUN_600e72f2,10
600e72fc,FUN_600e72fc,46
600e732a,FUN_600e732a,44
600e7356,FUN_600e7356,28
600e7372,FUN_600e7372,16
600e7382,FUN_600e7382,6
600e7388,FUN_600e7388,36
600e73ac,FUN_600e73ac,102
600e7412,FUN_600e7412,34
600e7434,FUN_600e7434,28
600e7450,FUN_600e7450,36
600e7474,FUN_600e7474,12
600e7480,FUN_600e7480,16
600e7490,FUN_600e7490,116
600e7504,FUN_600e7504,68
600e7548,FUN_600e7548,12
600e7554,FUN_600e7554,52
600e7588,FUN_600e7588,16
600e7598,FUN_600e7598,42
600e75c2,FUN_600e75c2,6
600e75c8,FUN_600e75c8,22
600e75de,FUN_600e75de,138
600e7668,FUN_600e7668,134
600e76ee,FUN_600e76ee,24
600e7706,FUN_600e7706,18
600e7718,FUN_600e7718,78
600e7766,FUN_600e7766,38
600e778c,FUN_600e778c,52
600e77c0,FUN_600e77c0,20
600e77d4,FUN_600e77d4,206
600e78a2,FUN_600e78a2,142
600e7930,FUN_600e7930,156
600e79cc,FUN_600e79cc,102
600e7a32,FUN_600e7a32,234
600e7b1c,FUN_600e7b1c,102
600e7b82,FUN_600e7b82,20
600e7b96,FUN_600e7b96,150
600e7c2c,FUN_600e7c2c,160
600e7ccc,FUN_600e7ccc,20
600e7ce0,FUN_600e7ce0,86
600e7d36,FUN_600e7d36,98
600e7d98,FUN_600e7d98,40
600e7dc0,FUN_600e7dc0,42
600e7dea,FUN_600e7dea,36
600e7e0e,FUN_600e7e0e,124
600e7e8a,FUN_600e7e8a,18
600e7e9c,FUN_600e7e9c,48
600e7ecc,FUN_600e7ecc,50
600e7efe,FUN_600e7efe,124
600e7f7a,FUN_600e7f7a,288
600e809a,FUN_600e809a,72
600e80e2,FUN_600e80e2,1370
600e863c,FUN_600e863c,446
600e87fa,FUN_600e87fa,510
600e89f8,FUN_600e89f8,386
600e8b7a,FUN_600e8b7a,1328
600e90aa,FUN_600e90aa,316
600e91e6,FUN_600e91e6,228
600e92ca,FUN_600e92ca,38
600e92f0,FUN_600e92f0,30
600e930e,FUN_600e930e,30
600e932c,FUN_600e932c,66
600e936e,FUN_600e936e,92
600e93ca,FUN_600e93ca,74
600e9414,FUN_600e9414,162
600e94b6,FUN_600e94b6,20
600e94ca,FUN_600e94ca,120
600e9542,FUN_600e9542,58
600e957c,FUN_600e957c,224
600e965c,FUN_600e965c,16
600e966c,FUN_600e966c,20
600e9680,FUN_600e9680,70
600e96c6,FUN_600e96c6,84
600e971a,FUN_600e971a,18
600e972c,FUN_600e972c,26
600e9746,FUN_600e9746,26
600e9760,FUN_600e9760,126
600e97de,FUN_600e97de,108
600e984a,FUN_600e984a,90
600e98a4,FUN_600e98a4,34
600e98c6,FUN_600e98c6,134
600e994c,FUN_600e994c,48
600e997c,FUN_600e997c,38
600e99a2,FUN_600e99a2,116
600e9a16,FUN_600e9a16,42
600e9a40,FUN_600e9a40,78
600e9a8e,FUN_600e9a8e,102
600e9af4,FUN_600e9af4,40
600e9b1c,FUN_600e9b1c,70
600e9b62,FUN_600e9b62,70
600e9ba8,FUN_600e9ba8,26
600e9bc2,FUN_600e9bc2,410
600e9d5c,FUN_600e9d5c,26
600e9d76,FUN_600e9d76,96
600e9dd6,FUN_600e9dd6,20
600e9dea,FUN_600e9dea,16
600e9dfa,FUN_600e9dfa,8
600e9e02,FUN_600e9e02,34
600e9e24,FUN_600e9e24,248
600e9f1c,FUN_600e9f1c,198
600e9fe2,FUN_600e9fe2,18
600e9ff4,FUN_600e9ff4,4
600e9ff8,FUN_600e9ff8,16
600ea008,FUN_600ea008,42
600ea032,FUN_600ea032,182
600ea0e8,FUN_600ea0e8,184
600ea1a0,FUN_600ea1a0,634
600ea41a,FUN_600ea41a,30
600ea438,FUN_600ea438,638
600ea6b6,FUN_600ea6b6,46
600ea6e4,FUN_600ea6e4,20
600ea6f8,thunk_FUN_600ea6e4,4
600ea6fc,FUN_600ea6fc,22
600ea712,FUN_600ea712,24
600ea72a,FUN_600ea72a,32
600ea74a,FUN_600ea74a,18
600ea75c,FUN_600ea75c,30
600ea77a,FUN_600ea77a,42
600ea7a4,FUN_600ea7a4,64
600ea7e4,FUN_600ea7e4,22
600ea7fa,FUN_600ea7fa,4
600ea7fe,FUN_600ea7fe,4
600ea802,FUN_600ea802,24
600ea81a,FUN_600ea81a,6
600ea820,FUN_600ea820,72
600ea868,bcm__600ea868,6
600ea86e,FUN_600ea86e,12
600ea87a,FUN_600ea87a,12
600ea886,FUN_600ea886,4
600ea88a,FUN_600ea88a,4
600ea88e,FUN_600ea88e,4
600ea892,FUN_600ea892,4
600ea896,FUN_600ea896,6
600ea89c,FUN_600ea89c,30
600ea8ba,FUN_600ea8ba,30
600ea8d8,FUN_600ea8d8,610
600eab3a,FUN_600eab3a,30
600eab58,FUN_600eab58,52
600eab8c,FUN_600eab8c,24
600eaba4,FUN_600eaba4,556
600eadd0,FUN_600eadd0,30
600eadee,FUN_600eadee,232
600eaed6,FUN_600eaed6,30
600eaef4,FUN_600eaef4,20
600eaf08,FUN_600eaf08,24
600eaf20,FUN_600eaf20,6
600eaf26,FUN_600eaf26,24
600eaf3e,FUN_600eaf3e,6
600eaf44,FUN_600eaf44,74
600eaf8e,FUN_600eaf8e,38
600eafb4,FUN_600eafb4,40
600eafdc,FUN_600eafdc,362
600eb156,FUN_600eb156,60
600eb19c,FUN_600eb19c,56
600eb1d4,FUN_600eb1d4,16
600eb1e4,FUN_600eb1e4,156
600eb370,FUN_600eb370,52
600eb400,FUN_600eb400,132
600eb428,FUN_600eb428,40
600eb450,FUN_600eb450,44
600eb47c,FUN_600eb47c,52
600eb562,FUN_600eb562,38
600eb588,FUN_600eb588,466
600eb75a,FUN_600eb75a,116
600eb7ce,FUN_600eb7ce,232
600eba2c,FUN_600eba2c,188
600ebae8,FUN_600ebae8,334
600ebc36,FUN_600ebc36,56
600ebc6e,FUN_600ebc6e,102
600ebcd4,FUN_600ebcd4,100
600ebd38,FUN_600ebd38,112
600ebda8,FUN_600ebda8,84
600ebdfc,FUN_600ebdfc,296
600ebf24,FUN_600ebf24,8
600ebf2c,FUN_600ebf2c,266
600ebf34,FUN_600ebf34,30
600ebf58,FUN_600ebf58,12
600ebf76,bcm__600ebf76,156
600ebf7c,FUN_600ebf7c,154
600ec016,FUN_600ec016,278
600ec12c,FUN_600ec12c,180
600ec1e0,FUN_600ec1e0,316
600ec31c,FUN_600ec31c,46
600ec34a,FUN_600ec34a,10
600ec354,FUN_600ec354,16
600ec364,FUN_600ec364,36
600ec388,thunk_FUN_600ec364,4
600ec38c,FUN_600ec38c,172
600ec438,FUN_600ec438,220
600ec514,FUN_600ec514,112
600ec584,FUN_600ec584,122
600ec58a,FUN_600ec58a,72
600ec5d2,FUN_600ec5d2,46
600ec600,FUN_600ec600,166
600ec6a6,FUN_600ec6a6,20
600ec6ba,FUN_600ec6ba,66
600ec6fc,FUN_600ec6fc,36
600ec720,FUN_600ec720,32
600ec740,FUN_600ec740,22
600ec756,FUN_600ec756,34
600ec778,FUN_600ec778,52
600ec7ac,FUN_600ec7ac,30
600ec7ca,FUN_600ec7ca,224
600ec8b4,FUN_600ec8b4,166
600ec95a,FUN_600ec95a,106
600ec9ca,FUN_600ec9ca,34
600eca02,FUN_600eca02,6
600eca08,FUN_600eca08,78
600eca86,FUN_600eca86,96
600ecabe,FUN_600ecabe,128
600ecb4a,tasn_new__600ecb4a,366
600ecb72,FUN_600ecb72,34
600ecb94,FUN_600ecb94,34
600ecbb6,FUN_600ecbb6,8
600ecbbe,FUN_600ecbbe,12
600ecbca,FUN_600ecbca,14
600ecbd8,FUN_600ecbd8,20
600ecbec,FUN_600ecbec,34
600ecc0e,FUN_600ecc0e,50
600ecc40,FUN_600ecc40,88
600ecc98,FUN_600ecc98,40
600eccbe,FUN_600eccbe,20
600eccd4,FUN_600eccd4,14
600ecce2,FUN_600ecce2,114
600ecd54,FUN_600ecd54,190
600ece12,FUN_600ece12,8
600ece1a,thunk_FUN_600ece12,4
600ece1e,FUN_600ece1e,30
600ece3c,FUN_600ece3c,36
600ece60,FUN_600ece60,24
600ece78,FUN_600ece78,42
600ecea2,thunk_FUN_600ece78,4
600ecea6,FUN_600ecea6,78
600ecef4,FUN_600ecef4,22
600ecf0a,FUN_600ecf0a,62
600ecf48,FUN_600ecf48,8
600ecf50,FUN_600ecf50,60
600ecf8c,FUN_600ecf8c,34
600ecfae,FUN_600ecfae,236
600ed09a,FUN_600ed09a,68
600ed0de,FUN_600ed0de,44
600ed10a,FUN_600ed10a,32
600ed12a,FUN_600ed12a,30
600ed148,FUN_600ed148,108
600ed1b4,FUN_600ed1b4,118
600ed22a,FUN_600ed22a,30
600ed248,FUN_600ed248,30
600ed266,FUN_600ed266,128
600ed2e6,FUN_600ed2e6,76
600ed332,FUN_600ed332,72
600ed37a,FUN_600ed37a,6
600ed380,FUN_600ed380,14
600ed38e,FUN_600ed38e,10
600ed398,FUN_600ed398,4
600ed39c,FUN_600ed39c,4
600ed3a0,FUN_600ed3a0,26
600ed3ba,FUN_600ed3ba,28
600ed3d6,FUN_600ed3d6,86
600ed42c,FUN_600ed42c,24
600ed444,FUN_600ed444,30
600ed462,FUN_600ed462,230
600ed548,FUN_600ed548,14
600ed556,FUN_600ed556,52
600ed58a,FUN_600ed58a,42
600ed5b4,FUN_600ed5b4,122
600ed62e,FUN_600ed62e,40
600ed656,FUN_600ed656,28
600ed66e,FUN_600ed66e,16
600ed682,FUN_600ed682,160
600ed722,FUN_600ed722,26
600ed73c,FUN_600ed73c,34
600ed75e,FUN_600ed75e,24
600ed776,FUN_600ed776,30
600ed794,FUN_600ed794,148
600ed828,FUN_600ed828,24
600ed880,FUN_600ed880,310
600ed9b6,FUN_600ed9b6,74
600eda00,FUN_600eda00,28
600eda1c,FUN_600eda1c,72
600eda64,FUN_600eda64,56
600eda9c,FUN_600eda9c,86
600edaf2,FUN_600edaf2,4
600edaf6,FUN_600edaf6,4
600edafa,FUN_600edafa,2
600edafc,FUN_600edafc,2
600edafe,FUN_600edafe,38
600edb24,FUN_600edb24,6
600edb2a,FUN_600edb2a,68
600edbc8,FUN_600edbc8,134
600edbf4,FUN_600edbf4,26
600edc0e,FUN_600edc0e,54
600edc52,FUN_600edc52,22
600edc68,FUN_600edc68,12
600edc74,FUN_600edc74,12
600edc88,FUN_600edc88,20
600edc9c,FUN_600edc9c,58
600edcd6,FUN_600edcd6,758
600edfcc,FUN_600edfcc,14
600edfda,thunk_FUN_600921b8,4
600edfde,FUN_600edfde,32
600edffe,FUN_600edffe,34
600ee01c,FUN_600ee01c,60
600ee058,FUN_600ee058,10
600ee062,FUN_600ee062,86
600ee0b8,FUN_600ee0b8,4
600ee0bc,FUN_600ee0bc,12
600ee0c8,FUN_600ee0c8,56
600ee100,FUN_600ee100,22
600ee116,FUN_600ee116,22
600ee12c,FUN_600ee12c,22
600ee142,FUN_600ee142,72
600ee18a,FUN_600ee18a,52
600ee1be,FUN_600ee1be,64
600ee1fe,FUN_600ee1fe,122
600ee278,FUN_600ee278,32
600ee298,FUN_600ee298,80
600ee2e8,FUN_600ee2e8,14
600ee2f6,FUN_600ee2f6,14
600ee304,FUN_600ee304,58
600ee33e,FUN_600ee33e,250
600ee438,FUN_600ee438,34
600ee45a,FUN_600ee45a,110
600ee4c8,FUN_600ee4c8,90
600ee522,FUN_600ee522,88
600ee57a,FUN_600ee57a,254
600ee678,FUN_600ee678,434
600ee82a,FUN_600ee82a,114
600ee89c,FUN_600ee89c,86
600ee8f2,FUN_600ee8f2,136
600ee97a,FUN_600ee97a,34
600ee99c,FUN_600ee99c,42
600ee9c6,FUN_600ee9c6,48
600ee9f6,FUN_600ee9f6,176
600eeaa6,FUN_600eeaa6,42
600eead0,FUN_600eead0,114
600eeb42,FUN_600eeb42,150
600eebd8,FUN_600eebd8,130
600eec5a,FUN_600eec5a,192
600eed1a,FUN_600eed1a,212
600eedee,FUN_600eedee,280
600eef06,FUN_600eef06,244
600eeffa,FUN_600eeffa,162
600ef09c,FUN_600ef09c,88
600ef0f4,FUN_600ef0f4,486
600ef2da,FUN_600ef2da,182
600ef390,FUN_600ef390,60
600ef3cc,FUN_600ef3cc,128
600ef44c,FUN_600ef44c,42
600ef476,FUN_600ef476,56
600ef4ae,FUN_600ef4ae,98
600ef510,FUN_600ef510,54
600ef546,FUN_600ef546,54
600ef57c,FUN_600ef57c,66
600ef5be,FUN_600ef5be,138
600ef648,FUN_600ef648,164
600ef6ec,FUN_600ef6ec,268
600ef7f8,FUN_600ef7f8,168
600ef8a0,FUN_600ef8a0,40
600ef8c8,FUN_600ef8c8,56
600ef900,FUN_600ef900,116
600ef974,FUN_600ef974,72
600ef9bc,FUN_600ef9bc,116
600efa30,FUN_600efa30,82
600efa82,FUN_600efa82,116
600efaf6,FUN_600efaf6,292
600efc1a,FUN_600efc1a,172
600efcc6,FUN_600efcc6,56
600efcfe,FUN_600efcfe,68
600efd42,FUN_600efd42,32
600efd62,FUN_600efd62,44
600efd8e,FUN_600efd8e,90
600efde8,FUN_600efde8,46
600efe16,FUN_600efe16,14
600efe24,FUN_600efe24,26
600efe4c,FUN_600efe4c,76
600efe98,FUN_600efe98,86
600eff14,FUN_600eff14,136
600eff9c,FUN_600eff9c,30
600effba,FUN_600effba,98
600f001c,FUN_600f001c,22
600f0032,FUN_600f0032,22
600f0048,FUN_600f0048,118
600f00be,FUN_600f00be,14
600f00cc,FUN_600f00cc,256
600f01cc,FUN_600f01cc,134
600f0252,FUN_600f0252,232
600f033a,FUN_600f033a,168
600f03e2,FUN_600f03e2,36
600f0406,FUN_600f0406,88
600f045e,FUN_600f045e,44
600f048a,FUN_600f048a,48
600f04ba,FUN_600f04ba,42
600f04e4,FUN_600f04e4,110
600f0552,FUN_600f0552,22
600f0568,FUN_600f0568,114
600f05da,FUN_600f05da,64
600f061a,FUN_600f061a,72
600f0662,FUN_600f0662,44
600f068e,FUN_600f068e,78
600f06dc,FUN_600f06dc,74
600f0726,FUN_600f0726,272
600f0836,FUN_600f0836,218
600f0910,FUN_600f0910,90
600f096a,FUN_600f096a,42
600f0994,FUN_600f0994,64
600f09d4,FUN_600f09d4,126
600f0a52,FUN_600f0a52,70
600f0a98,FUN_600f0a98,48
600f0ac8,FUN_600f0ac8,62
600f0b06,FUN_600f0b06,178
600f0bb8,FUN_600f0bb8,204
600f0c84,FUN_600f0c84,170
600f0d2e,FUN_600f0d2e,320
600f0e6e,FUN_600f0e6e,42
600f0e98,FUN_600f0e98,142
600f0f26,FUN_600f0f26,34
600f0f48,FUN_600f0f48,70
600f0f8e,FUN_600f0f8e,172
600f103a,FUN_600f103a,270
600f1148,FUN_600f1148,468
600f131c,FUN_600f131c,24
600f1334,FUN_600f1334,66
600f1376,FUN_600f1376,36
600f139a,FUN_600f139a,62
600f13d8,FUN_600f13d8,164
600f147c,FUN_600f147c,124
600f14f8,FUN_600f14f8,154
600f1592,FUN_600f1592,30
600f15b0,FUN_600f15b0,150
600f1646,FUN_600f1646,104
600f16ae,FUN_600f16ae,82
600f1700,FUN_600f1700,42
600f172a,FUN_600f172a,28
600f1746,FUN_600f1746,40
600f177a,FUN_600f177a,12
600f1786,FUN_600f1786,30
600f17a4,FUN_600f17a4,54
600f17da,FUN_600f17da,38
600f1800,FUN_600f1800,84
600f1854,FUN_600f1854,68
600f1898,FUN_600f1898,38
600f18be,FUN_600f18be,38
600f18e4,FUN_600f18e4,38
600f190a,FUN_600f190a,66
600f194c,FUN_600f194c,74
600f1996,FUN_600f1996,60
600f19d2,FUN_600f19d2,60
600f1a0e,FUN_600f1a0e,198
600f1ad4,FUN_600f1ad4,96
600f1b34,FUN_600f1b34,62
600f1b72,FUN_600f1b72,370
600f1ce4,FUN_600f1ce4,194
600f1da6,FUN_600f1da6,126
600f1e24,FUN_600f1e24,96
600f1e84,FUN_600f1e84,72
600f1ecc,FUN_600f1ecc,36
600f1ef0,FUN_600f1ef0,48
600f1f20,FUN_600f1f20,60
600f1f5c,FUN_600f1f5c,38
600f1f82,FUN_600f1f82,102
600f1fe8,FUN_600f1fe8,60
600f2024,FUN_600f2024,38
600f204a,FUN_600f204a,54
600f2080,FUN_600f2080,44
600f20ac,FUN_600f20ac,74
600f20f6,FUN_600f20f6,42
600f2120,FUN_600f2120,28
600f213c,FUN_600f213c,28
600f2158,FUN_600f2158,98
600f21ba,FUN_600f21ba,72
600f2202,FUN_600f2202,96
600f2262,FUN_600f2262,96
600f22c2,FUN_600f22c2,72
600f230a,FUN_600f230a,84
600f235e,FUN_600f235e,26
600f2378,FUN_600f2378,90
600f23d2,FUN_600f23d2,26
600f23ec,FUN_600f23ec,278
600f2502,FUN_600f2502,24
600f251a,FUN_600f251a,24
600f2532,FUN_600f2532,1272
600f2a2a,FUN_600f2a2a,14
600f2a38,FUN_600f2a38,42
600f2a62,FUN_600f2a62,24
600f2a7a,FUN_600f2a7a,102
600f2ae0,FUN_600f2ae0,26
600f2afa,FUN_600f2afa,112
600f2b6a,FUN_600f2b6a,56
600f2ba2,FUN_600f2ba2,70
600f2be8,FUN_600f2be8,60
600f2c24,FUN_600f2c24,108
600f2c90,FUN_600f2c90,24
600f2ca8,FUN_600f2ca8,24
600f2cc0,FUN_600f2cc0,24
600f2cd8,FUN_600f2cd8,128
600f2d58,FUN_600f2d58,24
600f2d70,FUN_600f2d70,64
600f2db0,FUN_600f2db0,24
600f2dc8,FUN_600f2dc8,24
600f2de0,FUN_600f2de0,26
600f2dfa,FUN_600f2dfa,26
600f2e14,FUN_600f2e14,26
600f2e2e,FUN_600f2e2e,28
600f2e4a,FUN_600f2e4a,28
600f2e66,FUN_600f2e66,28
600f2e82,FUN_600f2e82,26
600f2e9c,FUN_600f2e9c,88
600f2ef4,FUN_600f2ef4,26
600f2f0e,FUN_600f2f0e,28
600f2f2a,FUN_600f2f2a,86
600f2f80,FUN_600f2f80,26
600f2f9a,FUN_600f2f9a,32
600f2fba,FUN_600f2fba,32
600f2fda,FUN_600f2fda,72
600f3022,FUN_600f3022,26
600f303c,FUN_600f303c,94
600f309a,FUN_600f309a,178
600f314c,FUN_600f314c,122
600f31c6,FUN_600f31c6,32
600f31e6,FUN_600f31e6,72
600f322e,FUN_600f322e,124
600f32aa,FUN_600f32aa,110
600f3318,FUN_600f3318,96
600f3378,FUN_600f3378,308
600f34ac,FUN_600f34ac,30
600f34ca,FUN_600f34ca,32
600f34ea,FUN_600f34ea,24
600f3502,FUN_600f3502,24
600f351a,FUN_600f351a,38
600f3540,FUN_600f3540,110
600f35ae,FUN_600f35ae,114
600f3620,FUN_600f3620,94
600f367e,FUN_600f367e,340
600f37d2,FUN_600f37d2,254
600f38d0,FUN_600f38d0,124
600f394c,FUN_600f394c,14
600f395a,FUN_600f395a,162
600f39fc,FUN_600f39fc,178
600f3aae,FUN_600f3aae,44
600f3ade,FUN_600f3ade,44
600f3b0a,FUN_600f3b0a,110
600f3b78,FUN_600f3b78,102
600f3bde,FUN_600f3bde,100
600f3c42,FUN_600f3c42,104
600f3caa,FUN_600f3caa,252
600f3da6,FUN_600f3da6,90
600f3e00,FUN_600f3e00,106
600f3e6a,FUN_600f3e6a,108
600f3ed6,FUN_600f3ed6,96
600f3f36,FUN_600f3f36,26
600f3f50,FUN_600f3f50,32
600f3f70,FUN_600f3f70,232
600f4058,FUN_600f4058,104
600f40c0,FUN_600f40c0,138
600f414a,FUN_600f414a,82
600f419c,FUN_600f419c,52
600f41d0,FUN_600f41d0,150
600f4266,FUN_600f4266,114
600f42d8,FUN_600f42d8,36
600f42fc,FUN_600f42fc,38
600f4322,FUN_600f4322,84
600f4376,FUN_600f4376,74
600f43c0,FUN_600f43c0,486
600f45a6,FUN_600f45a6,270
600f46b4,FUN_600f46b4,58
600f46ee,FUN_600f46ee,178
600f47a0,FUN_600f47a0,170
600f484a,FUN_600f484a,214
600f4920,FUN_600f4920,284
600f4a3c,FUN_600f4a3c,338
600f4b8e,FUN_600f4b8e,296
600f4cb6,FUN_600f4cb6,62
600f4cf4,FUN_600f4cf4,108
600f4d60,FUN_600f4d60,46
600f4d8e,FUN_600f4d8e,250
600f4e88,FUN_600f4e88,78
600f4ed6,FUN_600f4ed6,44
600f4f02,FUN_600f4f02,408
600f4ff4,FUN_600f4ff4,150
600f5130,FUN_600f5130,446
600f52ee,FUN_600f52ee,174
600f539c,FUN_600f539c,170
600f5446,FUN_600f5446,50
600f5478,FUN_600f5478,182
600f552e,FUN_600f552e,118
600f55a4,FUN_600f55a4,346
600f56fe,FUN_600f56fe,144
600f578e,FUN_600f578e,104
600f57f6,FUN_600f57f6,210
600f58c8,FUN_600f58c8,102
600f592e,FUN_600f592e,148
600f59c2,FUN_600f59c2,62
600f5a00,FUN_600f5a00,152
600f5a98,FUN_600f5a98,154
600f5b32,FUN_600f5b32,202
600f5bfc,FUN_600f5bfc,230
600f5ce2,FUN_600f5ce2,40
600f5d0a,FUN_600f5d0a,170
600f5db4,FUN_600f5db4,136
600f5e3c,FUN_600f5e3c,162
600f5ede,FUN_600f5ede,214
600f5fb4,FUN_600f5fb4,142
600f6042,FUN_600f6042,128
600f60c2,FUN_600f60c2,44
600f60ee,FUN_600f60ee,32
600f610e,FUN_600f610e,36
600f6132,FUN_600f6132,38
600f6158,FUN_600f6158,174
600f6206,FUN_600f6206,36
600f622a,FUN_600f622a,276
600f633e,FUN_600f633e,210
600f6410,FUN_600f6410,262
600f6516,FUN_600f6516,278
600f662c,FUN_600f662c,60
600f6668,FUN_600f6668,194
600f672a,FUN_600f672a,136
600f67b2,FUN_600f67b2,184
600f686a,FUN_600f686a,134
600f68f0,FUN_600f68f0,256
600f69f0,FUN_600f69f0,154
600f6a8a,FUN_600f6a8a,38
600f6ab0,FUN_600f6ab0,38
600f6ad6,FUN_600f6ad6,38
600f6afc,FUN_600f6afc,26
600f6b16,FUN_600f6b16,52
600f6b4a,FUN_600f6b4a,76
600f6b96,FUN_600f6b96,80
600f6be6,FUN_600f6be6,102
600f6c4c,FUN_600f6c4c,336
600f6d9c,FUN_600f6d9c,42
600f6dc6,FUN_600f6dc6,62
600f6e04,FUN_600f6e04,70
600f6e4a,FUN_600f6e4a,76
600f6e96,FUN_600f6e96,76
600f6ee2,FUN_600f6ee2,56
600f6f1a,FUN_600f6f1a,56
600f6f52,FUN_600f6f52,128
600f6fd2,FUN_600f6fd2,128
600f7052,FUN_600f7052,98
600f70b4,FUN_600f70b4,132
600f7138,FUN_600f7138,68
600f717c,FUN_600f717c,252
600f7278,FUN_600f7278,62
600f72b6,FUN_600f72b6,74
600f7300,FUN_600f7300,90
600f735a,FUN_600f735a,334
600f74a8,FUN_600f74a8,130
600f752a,FUN_600f752a,150
600f75c0,FUN_600f75c0,202
600f768a,FUN_600f768a,34
600f76ac,FUN_600f76ac,288
600f77cc,FUN_600f77cc,58
600f7806,FUN_600f7806,268
600f7912,FUN_600f7912,150
600f79a8,FUN_600f79a8,140
600f7a34,FUN_600f7a34,52
600f7a68,FUN_600f7a68,52
600f7a9c,FUN_600f7a9c,138
600f7b26,FUN_600f7b26,34
600f7b48,FUN_600f7b48,144
600f7bd8,FUN_600f7bd8,106
600f7c42,FUN_600f7c42,44
600f7c6e,FUN_600f7c6e,50
600f7ca0,FUN_600f7ca0,74
600f7cea,FUN_600f7cea,92
600f7d46,FUN_600f7d46,66
600f7d88,FUN_600f7d88,424
600f7f30,FUN_600f7f30,68
600f7f74,FUN_600f7f74,150
600f800a,FUN_600f800a,130
600f808c,FUN_600f808c,56
600f80c4,FUN_600f80c4,94
600f8122,FUN_600f8122,230
600f8208,FUN_600f8208,92
600f8264,FUN_600f8264,44
600f8290,FUN_600f8290,52
600f82c4,FUN_600f82c4,38
600f82ea,FUN_600f82ea,64
600f832a,FUN_600f832a,118
600f83a0,FUN_600f83a0,82
600f83f2,FUN_600f83f2,94
600f8450,FUN_600f8450,344
600f85a8,FUN_600f85a8,80
600f85f8,FUN_600f85f8,108
600f8664,FUN_600f8664,340
600f87b8,FUN_600f87b8,562
600f89ea,FUN_600f89ea,172
600f8a96,FUN_600f8a96,84
600f8aea,FUN_600f8aea,190
600f8ba8,FUN_600f8ba8,44
600f8bd4,FUN_600f8bd4,54
600f8c0a,FUN_600f8c0a,42
600f8c34,FUN_600f8c34,54
600f8c6a,FUN_600f8c6a,202
600f8d34,FUN_600f8d34,180
600f8de8,FUN_600f8de8,232
600f8ed0,FUN_600f8ed0,170
600f8f7a,FUN_600f8f7a,1256
600f9462,FUN_600f9462,1188
600f9906,FUN_600f9906,232
600f99ee,FUN_600f99ee,130
600f9a70,FUN_600f9a70,118
600f9ae6,FUN_600f9ae6,118
600f9b5c,FUN_600f9b5c,242
600f9c4e,FUN_600f9c4e,200
600f9d16,FUN_600f9d16,158
600f9db4,FUN_600f9db4,60
600f9df0,FUN_600f9df0,552
600fa018,FUN_600fa018,76
600fa064,FUN_600fa064,114
600fa0d6,FUN_600fa0d6,262
600fa1dc,FUN_600fa1dc,158
600fa27a,FUN_600fa27a,30
600fa298,FUN_600fa298,26
600fa2b2,FUN_600fa2b2,26
600fa2cc,FUN_600fa2cc,24
600fa2e4,FUN_600fa2e4,28
600fa300,FUN_600fa300,28
600fa31c,FUN_600fa31c,28
600fa338,FUN_600fa338,22
600fa34e,FUN_600fa34e,154
600fa3e8,FUN_600fa3e8,88
600fa440,FUN_600fa440,296
600fa568,FUN_600fa568,62
600fa5a6,FUN_600fa5a6,32
600fa5c6,FUN_600fa5c6,246
600fa6bc,FUN_600fa6bc,36
600fa6e0,FUN_600fa6e0,92
600fa73c,FUN_600fa73c,162
600fa7de,FUN_600fa7de,248
600fa8d6,FUN_600fa8d6,492
600faac2,FUN_600faac2,74
600fab0c,FUN_600fab0c,28
600fab28,FUN_600fab28,22
600fab3e,FUN_600fab3e,84
600fab92,FUN_600fab92,26
600fabac,FUN_600fabac,26
600fabc6,FUN_600fabc6,26
600fabe0,FUN_600fabe0,26
600fabfa,FUN_600fabfa,26
600fac14,FUN_600fac14,36
600fac38,FUN_600fac38,140
600facc4,FUN_600facc4,96
600fad24,FUN_600fad24,2
600fad26,FUN_600fad26,108
600fad92,FUN_600fad92,36
600fadb6,FUN_600fadb6,188
600fae72,FUN_600fae72,50
600faec4,FUN_600faec4,488
600fb0ac,FUN_600fb0ac,100
600fb110,FUN_600fb110,80
600fb160,FUN_600fb160,134
600fb1e6,FUN_600fb1e6,100
600fb24a,FUN_600fb24a,100
600fb2ae,FUN_600fb2ae,92
600fb30a,FUN_600fb30a,60
600fb346,FUN_600fb346,184
600fb3fe,FUN_600fb3fe,60
600fb43a,FUN_600fb43a,150
600fb4d0,FUN_600fb4d0,110
600fb53e,FUN_600fb53e,158
600fb5dc,FUN_600fb5dc,74
600fb626,FUN_600fb626,96
600fb686,FUN_600fb686,36
600fb6aa,FUN_600fb6aa,52
600fb6de,FUN_600fb6de,362
600fb848,FUN_600fb848,124
600fb8c4,FUN_600fb8c4,118
600fb93a,FUN_600fb93a,46
600fb968,FUN_600fb968,32
600fb988,FUN_600fb988,44
600fb9b4,FUN_600fb9b4,30
600fb9d2,FUN_600fb9d2,52
600fba06,FUN_600fba06,150
600fba9c,FUN_600fba9c,28
600fbab8,FUN_600fbab8,40
600fbae0,FUN_600fbae0,52
600fbb14,FUN_600fbb14,172
600fbbc0,FUN_600fbbc0,22
600fbc02,FUN_600fbc02,56
600fbc3a,FUN_600fbc3a,22
600fbc50,FUN_600fbc50,74
600fbc9a,FUN_600fbc9a,94
600fbcf8,FUN_600fbcf8,84
600fbd4c,FUN_600fbd4c,132
600fbdd0,FUN_600fbdd0,178
600fbe82,FUN_600fbe82,132
600fbf06,FUN_600fbf06,132
600fbf8a,FUN_600fbf8a,192
600fc04a,FUN_600fc04a,198
600fc110,FUN_600fc110,106
600fc17a,FUN_600fc17a,140
600fc206,FUN_600fc206,44
600fc232,FUN_600fc232,46
600fc260,FUN_600fc260,60
600fc29c,FUN_600fc29c,42
600fc2c6,FUN_600fc2c6,60
600fc302,FUN_600fc302,126
600fc380,FUN_600fc380,90
600fc3da,FUN_600fc3da,94
600fc438,FUN_600fc438,138
600fc4d8,FUN_600fc4d8,106
600fc542,FUN_600fc542,192
600fc602,FUN_600fc602,342
600fc758,FUN_600fc758,114
600fc7ca,FUN_600fc7ca,166
600fc870,FUN_600fc870,314
600fc9aa,FUN_600fc9aa,26
600fc9c4,FUN_600fc9c4,56
600fc9fc,FUN_600fc9fc,76
600fca48,FUN_600fca48,52
600fca7c,FUN_600fca7c,58
600fcab6,FUN_600fcab6,124
600fcbfa,FUN_600fcbfa,142
600fcc88,FUN_600fcc88,72
600fccd0,FUN_600fccd0,56
600fcd08,FUN_600fcd08,56
600fcd40,FUN_600fcd40,86
600fcd96,FUN_600fcd96,94
600fcdf4,FUN_600fcdf4,152
600fce8c,FUN_600fce8c,154
600fcf26,FUN_600fcf26,28
600fcf42,FUN_600fcf42,26
600fcf5c,FUN_600fcf5c,32
600fcf7c,FUN_600fcf7c,36
600fcfa0,FUN_600fcfa0,28
600fcfbc,FUN_600fcfbc,126
600fd03a,FUN_600fd03a,136
600fd0c2,FUN_600fd0c2,48
600fd0f2,FUN_600fd0f2,30
600fd110,FUN_600fd110,58
600fd162,FUN_600fd162,20
600fd176,FUN_600fd176,22
600fd18c,FUN_600fd18c,38
600fd1b2,FUN_600fd1b2,58
600fd1ec,FUN_600fd1ec,36
600fd210,FUN_600fd210,26
600fd22a,FUN_600fd22a,40
600fd252,FUN_600fd252,36
600fd276,FUN_600fd276,62
600fd2b4,FUN_600fd2b4,50
600fd2e6,FUN_600fd2e6,34
600fd308,FUN_600fd308,32
600fd328,FUN_600fd328,46
600fd356,FUN_600fd356,32
600fd376,FUN_600fd376,46
600fd3a4,FUN_600fd3a4,26
600fd3be,FUN_600fd3be,34
600fd3e0,FUN_600fd3e0,98
600fd442,FUN_600fd442,34
600fd464,FUN_600fd464,42
600fd48e,FUN_600fd48e,82
600fd4e0,FUN_600fd4e0,64
600fd520,FUN_600fd520,46
600fd54e,FUN_600fd54e,54
600fd584,FUN_600fd584,46
600fd5b2,FUN_600fd5b2,40
600fd5da,FUN_600fd5da,52
600fd60e,FUN_600fd60e,34
600fd630,FUN_600fd630,122
600fd6aa,FUN_600fd6aa,44
600fd6d6,FUN_600fd6d6,356
600fd83a,FUN_600fd83a,138
600fd8c4,FUN_600fd8c4,172
600fd970,FUN_600fd970,82
600fd9c2,FUN_600fd9c2,50
600fd9f4,FUN_600fd9f4,56
600fda2c,FUN_600fda2c,140
600fdab8,FUN_600fdab8,256
600fdbb8,FUN_600fdbb8,142
600fdc46,FUN_600fdc46,72
600fdc8e,FUN_600fdc8e,110
600fdcfc,FUN_600fdcfc,272
600fde0c,FUN_600fde0c,136
600fde94,FUN_600fde94,256
600fdf94,FUN_600fdf94,58
600fdff0,FUN_600fdff0,30
600fe00e,FUN_600fe00e,76
600fe05a,FUN_600fe05a,236
600fe146,FUN_600fe146,164
600fe1ea,FUN_600fe1ea,276
600fe2fe,FUN_600fe2fe,308
600fe432,FUN_600fe432,100
600fe496,FUN_600fe496,106
600fe500,FUN_600fe500,362
600fe66a,FUN_600fe66a,316
600fe7a6,FUN_600fe7a6,88
600fe7fe,FUN_600fe7fe,142
600fe916,FUN_600fe916,26
600fe930,FUN_600fe930,48
600fe960,FUN_600fe960,182
600fea16,FUN_600fea16,180
600feaca,FUN_600feaca,78
600feb2e,FUN_600feb2e,122
600feba8,FUN_600feba8,400
600fed38,FUN_600fed38,102
600fed9e,FUN_600fed9e,162
600fee40,FUN_600fee40,210
600fef12,FUN_600fef12,30
600fef30,FUN_600fef30,36
600fef54,FUN_600fef54,88
600fefac,FUN_600fefac,44
600fefd8,FUN_600fefd8,196
600ff09c,FUN_600ff09c,346
600ff1f6,FUN_600ff1f6,38
600ff21c,FUN_600ff21c,254
600ff31a,FUN_600ff31a,136
600ff3a2,FUN_600ff3a2,98
600ff404,FUN_600ff404,126
600ff482,FUN_600ff482,92
600ff4de,FUN_600ff4de,168
600ff586,FUN_600ff586,140
600ff612,FUN_600ff612,96
600ff672,FUN_600ff672,34
600ff694,FUN_600ff694,60
600ff6d0,FUN_600ff6d0,72
600ff718,FUN_600ff718,76
600ff764,FUN_600ff764,58
600ff79e,FUN_600ff79e,98
600ff800,FUN_600ff800,98
600ff862,FUN_600ff862,38
600ff888,FUN_600ff888,254
600ff986,FUN_600ff986,120
600ff9fe,FUN_600ff9fe,54
600ffa34,FUN_600ffa34,166
600ffada,FUN_600ffada,452
600ffc9e,FUN_600ffc9e,96
600ffcfe,FUN_600ffcfe,98
600ffd60,FUN_600ffd60,26
600ffd7a,FUN_600ffd7a,146
600ffe0c,FUN_600ffe0c,26
600ffe26,FUN_600ffe26,28
600ffe42,FUN_600ffe42,378
600fffbc,FUN_600fffbc,426
60100166,FUN_60100166,224
60100246,FUN_60100246,54
6010027c,FUN_6010027c,64
601002bc,FUN_601002bc,104
60100324,FUN_60100324,62
60100362,FUN_60100362,56
6010039a,FUN_6010039a,64
601003da,FUN_601003da,74
60100424,FUN_60100424,142
601004b2,FUN_601004b2,146
60100544,FUN_60100544,104
601005ac,FUN_601005ac,74
601005f6,FUN_601005f6,32
60100616,FUN_60100616,106
60100680,FUN_60100680,306
601007b6,FUN_601007b6,6
601007bc,FUN_601007bc,42
601007e6,FUN_601007e6,36
6010080a,FUN_6010080a,64
6010084a,FUN_6010084a,66
6010088c,FUN_6010088c,116
60100900,FUN_60100900,90
6010095a,FUN_6010095a,88
601009b2,FUN_601009b2,88
60100a0a,FUN_60100a0a,28
60100a26,FUN_60100a26,58
60100ab2,FUN_60100ab2,26
60100acc,thunk_FUN_600cae68,4
60100ad0,FUN_60100ad0,58
60100b0a,FUN_60100b0a,26
60100b24,FUN_60100b24,20
60100b38,FUN_60100b38,16
60100b48,FUN_60100b48,34
60100b6a,FUN_60100b6a,44
60100b96,FUN_60100b96,26
60100bb0,FUN_60100bb0,50
60100be2,FUN_60100be2,50
60100c14,FUN_60100c14,52
60100c48,FUN_60100c48,232
60100d30,FUN_60100d30,104
60100d98,FUN_60100d98,112
60100e08,FUN_60100e08,112
60100e78,FUN_60100e78,50
60100eaa,FUN_60100eaa,46
60100ed8,FUN_60100ed8,184
60100f90,FUN_60100f90,108
60100ffc,FUN_60100ffc,204
601010c8,FUN_601010c8,100
6010112c,FUN_6010112c,108
60101198,FUN_60101198,252
60101294,FUN_60101294,110
60101302,FUN_60101302,88
6010135a,FUN_6010135a,50
6010138c,FUN_6010138c,68
601013d0,FUN_601013d0,152
60101468,FUN_60101468,42
60101492,FUN_60101492,10
601014a4,FUN_601014a4,38
601014ca,FUN_601014ca,10
601014d4,FUN_601014d4,86
6010152a,FUN_6010152a,12
60101536,FUN_60101536,38
6010155c,FUN_6010155c,14
6010156a,FUN_6010156a,80
601015ba,FUN_601015ba,44
601015e6,FUN_601015e6,72
6010162e,FUN_6010162e,46
6010165c,FUN_6010165c,70
601016a2,FUN_601016a2,78
601016f0,FUN_601016f0,80
60101740,FUN_60101740,32
60101760,FUN_60101760,26
6010177a,FUN_6010177a,32
6010179a,FUN_6010179a,26
601017b4,FUN_601017b4,52
601017e8,FUN_601017e8,20
601017fc,FUN_601017fc,28
60101818,FUN_60101818,10
60101822,FUN_60101822,16
60101832,FUN_60101832,22
60101848,FUN_60101848,150
601018de,FUN_601018de,144
6010196e,FUN_6010196e,22
60101984,FUN_60101984,34
601019a6,FUN_601019a6,12
601019b2,FUN_601019b2,40
601019da,FUN_601019da,56
60101a12,FUN_60101a12,66
60101a54,FUN_60101a54,16
60101a64,FUN_60101a64,28
60101a80,FUN_60101a80,8
60101a88,FUN_60101a88,28
60101aa4,FUN_60101aa4,36
60101ac8,FUN_60101ac8,68
60101b0c,FUN_60101b0c,64
60101b4c,FUN_60101b4c,14
60101b5a,FUN_60101b5a,28
60101b76,FUN_60101b76,30
60101b94,FUN_60101b94,14
60101ba2,FUN_60101ba2,42
60101bcc,FUN_60101bcc,48
60101bfc,FUN_60101bfc,34
60101c1e,thunk_EXT_FUN_00008844,4
60101c22,FUN_60101c22,38
60101c48,FUN_60101c48,34
60101c52,thunk_EXT_FUN_0000b532,4
60101c5c,thunk_EXT_FUN_0000b52a,4
60101c60,FUN_60101c60,6
60101c78,FUN_60101c78,42
60101ca2,FUN_60101ca2,42
60101ccc,FUN_60101ccc,46
60101cfa,FUN_60101cfa,40
60101d22,FUN_60101d22,40
60101d4a,thunk_FUN_60101ccc,4
60101d4e,FUN_60101d4e,196
60101e12,FUN_60101e12,436
60101fc6,FUN_60101fc6,6
60101fcc,FUN_60101fcc,6
60101fd2,FUN_60101fd2,6
60101fd8,FUN_60101fd8,6
60101fde,FUN_60101fde,6
60101fe4,FUN_60101fe4,54
6010201a,FUN_6010201a,128
6010209a,FUN_6010209a,14
601020a8,FUN_601020a8,68
601020ec,FUN_601020ec,18
60102122,FUN_60102122,50
60102154,FUN_60102154,62
60102192,FUN_60102192,590
601023e0,FUN_601023e0,26
601023fa,FUN_601023fa,80
6010244a,thunk_FUN_600ce1d8,4
6010244e,FUN_6010244e,60
6010248a,FUN_6010248a,26
601024a4,FUN_601024a4,16
601024b4,FUN_601024b4,36
601024d8,FUN_601024d8,42
60102502,FUN_60102502,52
60102536,FUN_60102536,88
601025a8,FUN_601025a8,180
6010265c,FUN_6010265c,234
60104d44,FUN_60104d44,56
601054dc,FUN_601054dc,2546
60105c84,FUN_60105c84,1288
601082d8,FUN_601082d8,432
6010d090,FUN_6010d090,754
60131a30,FUN_60131a30,110
60131e14,FUN_60131e14,340
601323f6,FUN_601323f6,152
60132bb4,FUN_60132bb4,548
60132de4,FUN_60132de4,120
60132e5c,FUN_60132e5c,272
60134018,FUN_60134018,48
60134088,FUN_60134088,158
60134126,FUN_60134126,32
60134420,FUN_60134420,534
601354c6,FUN_601354c6,12
60139ace,FUN_60139ace,78
6013a884,FUN_6013a884,18
6013a896,FUN_6013a896,78
6013a918,FUN_6013a918,14
6013a926,FUN_6013a926,396
6013aad0,FUN_6013aad0,440
6013ad1a,FUN_6013ad1a,144
6013b4dc,FUN_6013b4dc,18
6013b4ee,FUN_6013b4ee,68
6013b532,FUN_6013b532,82
6013ced0,FUN_6013ced0,12
6013cedc,FUN_6013cedc,12
6013cee8,thunk_EXT_FUN_0000af90,4
6013cef0,thunk_EXT_FUN_0000887a,4
6013cef8,thunk_EXT_FUN_0000737c,4
6013cf00,thunk_EXT_FUN_000032d4,4
6013cf08,thunk_EXT_FUN_00007564,4
6013cf10,thunk_EXT_FUN_000065cc,4
6013cf18,thunk_EXT_FUN_00001084,4
6013cf20,thunk_EXT_FUN_00005614,4
6013cf28,thunk_EXT_FUN_0000af88,4
6013cf30,thunk_EXT_FUN_00001c30,4
6013cf38,thunk_EXT_FUN_000034b8,4
6013cf40,thunk_EXT_FUN_00007d10,4
6013cf48,thunk_EXT_FUN_000007b8,4
6013cf50,thunk_EXT_FUN_0000947c,4
6013cf58,thunk_EXT_FUN_00004a3c,4
6013cf60,thunk_EXT_FUN_000066b8,4
6013cf68,thunk_EXT_FUN_0000b3e2,4
6013cf70,thunk_EXT_FUN_0000351c,4
6013cf78,thunk_EXT_FUN_000065c4,4
6013cf80,thunk_EXT_FUN_0000714c,4
6013cf88,thunk_EXT_FUN_0000b4cc,4
6013cf90,thunk_EXT_FUN_0000b5ba,4
6013cf98,thunk_EXT_FUN_00009afe,4
6013cfa0,thunk_EXT_FUN_0000942a,4
6013cfa8,thunk_EXT_FUN_00001e10,4
6013cfb0,thunk_EXT_FUN_0000ac52,4
6013cfb8,thunk_EXT_FUN_00008220,4
6013cfc0,thunk_EXT_FUN_000009c0,4
6013cfd0,thunk_EXT_FUN_00000c7c,4
6013cfd8,thunk_EXT_FUN_00006bc8,4
6013cfe0,thunk_EXT_FUN_00000e04,4
6013cfe8,thunk_EXT_FUN_0000ab28,4
6013cff0,thunk_EXT_FUN_00008844,4
6013cff8,thunk_EXT_FUN_0000ac1e,4
6013d000,thunk_EXT_FUN_00007dac,4
6013d008,thunk_EXT_FUN_00001d6c,4
6013d010,thunk_EXT_FUN_0000954a,4
6013d018,thunk_EXT_FUN_0000316c,4
6013d020,thunk_EXT_FUN_0000b070,4
6013d028,thunk_EXT_FUN_00006a20,4
6013d038,thunk_EXT_FUN_00008832,4
6013d048,thunk_EXT_FUN_0000ac06,4
6013d050,thunk_EXT_FUN_00004ad4,4
6013d058,thunk_EXT_FUN_00000960,4
6013d060,thunk_EXT_FUN_0000b2e8,4
6013d068,thunk_EXT_FUN_0000b52e,4
6013d070,thunk_EXT_FUN_0000952e,4
6013d078,thunk_EXT_FUN_0000a0be,4
6013d080,thunk_EXT_FUN_00006788,4
6013d088,thunk_EXT_FUN_00007734,4
6013d090,thunk_EXT_FUN_0000691c,4
6013d098,thunk_EXT_FUN_00007ddc,4
6013d0a0,thunk_EXT_FUN_000073cc,4
6013d0a8,thunk_EXT_FUN_0000b1c4,4
6013d0b0,thunk_EXT_FUN_00001ea4,4
6013d0b8,thunk_EXT_FUN_000083ec,4
6013d0c0,thunk_EXT_FUN_000064b0,4
6013d0d0,thunk_EXT_FUN_00008ad2,4
6013d0d8,thunk_EXT_FUN_0000b068,4
6013d0e0,thunk_EXT_FUN_0000728c,4
6013d0e8,thunk_EXT_FUN_00006a74,4
6013d0f0,thunk_EXT_FUN_00007018,4
6013d100,thunk_EXT_FUN_0000b294,4
6013d108,thunk_EXT_FUN_00007e0c,4
6013d118,thunk_EXT_FUN_00009c90,4
6013d120,thunk_EXT_FUN_0000a94e,4
6013d128,thunk_EXT_FUN_00007f58,4
6013d138,thunk_EXT_FUN_0000645c,4
6013d140,thunk_EXT_FUN_0000b344,4
6013d148,thunk_EXT_FUN_0000b09a,4
6013d150,thunk_EXT_FUN_00000b1c,4
6013d158,thunk_EXT_FUN_00001ae4,4
6013d160,thunk_EXT_FUN_00002334,4
6013d168,thunk_EXT_FUN_0000b554,4
6013d170,thunk_EXT_FUN_00002dec,4
6013d178,thunk_EXT_FUN_00008996,4
6013d180,thunk_EXT_FUN_000080d8,4
6013d188,thunk_EXT_FUN_0000b2fe,4
6013d198,thunk_EXT_FUN_00008fe4,4
6013d1a0,thunk_EXT_FUN_00008c6c,4
6013d1a8,thunk_EXT_FUN_00000eb8,4
6013d1b0,thunk_EXT_FUN_00006668,4
6013d1b8,thunk_EXT_FUN_00007c58,4
6013d1c0,thunk_EXT_FUN_00001434,4
6013d1c8,thunk_EXT_FUN_0000323c,4
6013d1d0,thunk_EXT_FUN_0000080c,4
6013d1d8,thunk_EXT_FUN_0000b28c,4
6013d1e0,thunk_EXT_FUN_0000912c,4
6013d1f0,thunk_EXT_FUN_000070b0,4
6013d208,thunk_EXT_FUN_0000ac5e,4
6013d210,thunk_EXT_FUN_0000b316,4
6013d218,thunk_EXT_FUN_000066f4,4
6013d220,thunk_EXT_FUN_00008f98,4
6013d228,thunk_EXT_FUN_000078b0,4
6013d230,thunk_EXT_FUN_00000348,4
6013d238,thunk_EXT_FUN_0000b588,4
6013d240,thunk_EXT_FUN_00000f80,4
6013d248,thunk_EXT_FUN_00008836,4
6013d250,thunk_EXT_FUN_00001d44,4
6013d258,thunk_EXT_FUN_0000b50a,4
6013d260,thunk_EXT_FUN_0000b5ca,4
6013d268,thunk_EXT_FUN_00006d2c,4
6013d270,thunk_EXT_FUN_00006e5c,4
6013d278,thunk_EXT_FUN_00005ab4,4
6013d280,thunk_EXT_FUN_00000dc4,4
6013d288,thunk_EXT_FUN_00003c24,4
6013d290,thunk_EXT_FUN_00008ef2,4
6013d298,thunk_EXT_FUN_0000b08e,4
6013d2a0,thunk_EXT_FUN_00007a2c,4
6013d2a8,thunk_EXT_FUN_000075ec,4
6013d2b0,thunk_EXT_FUN_000098ca,4
6013d2b8,thunk_EXT_FUN_0000851a,4
6013d2c0,thunk_EXT_FUN_00003db8,4
6013d2c8,thunk_EXT_FUN_00004ca8,4
6013d2d0,thunk_EXT_FUN_0000713c,4
6013d2d8,thunk_EXT_FUN_00001c18,4
6013d2e0,thunk_EXT_FUN_00002480,4
6013d2f8,thunk_EXT_FUN_0000b15c,4
6013d308,thunk_EXT_FUN_00006c88,4
6013d310,thunk_EXT_FUN_0000b52a,4
6013d318,thunk_EXT_FUN_00000fac,4
6013d320,thunk_EXT_FUN_0000ab42,4
6013d328,thunk_EXT_FUN_0000b122,4
6013d330,thunk_EXT_FUN_0000b18c,4
6013d338,thunk_EXT_FUN_000067e0,4
6013d340,thunk_EXT_FUN_00009b30,4
6013d348,thunk_EXT_FUN_00004cd0,4
6013d350,thunk_EXT_FUN_00002fac,4
6013d358,thunk_EXT_FUN_0000ab36,4
6013d360,thunk_EXT_FUN_00007d64,4
6013d368,thunk_EXT_FUN_00009304,4
6013d370,thunk_EXT_FUN_00008898,4
6013d378,thunk_EXT_FUN_0000b532,4
6013d380,thunk_EXT_FUN_00000d84,4
6013d388,thunk_EXT_FUN_0000ac80,4
6013d390,thunk_EXT_FUN_00001674,4
6013d398,thunk_EXT_FUN_00001834,4
6013d3a0,thunk_EXT_FUN_0000b572,4
6013d3b8,thunk_EXT_FUN_00006820,4
6013d3c8,thunk_EXT_FUN_00001680,4
6013d3d0,thunk_EXT_FUN_000069a0,4
6013d3d8,thunk_EXT_FUN_0000b4c2,4
6013d3e0,thunk_EXT_FUN_00008802,4
6013d3e8,FUN_6013d3e8,42
6013d420,thunk_EXT_FUN_00000e04,4
6013d4b0,FUN_6013d4b0,70
6013d4d8,FUN_6013d4d8,1
6013d4e0,thunk_EXT_FUN_0000080c,4
